Id,Start time,Completion time,"From which location are you attending the survey? (State, Country)",Gender:,Do you think men feel comfortable discussing mood swings?,Do you notice mood changes linked to hormonal or biological cycles?,Do you feel mental health services are inclusive of diverse gender identities?,Age Group:,What are your main sources of stress?,How often do social media interactions influence your mood?,Which responsibilities affect your emotions the most?,Do family responsibilities contribute to your mood swings?,What affects your emotions more?,Do you feel aging has made emotional regulation easier or harder?,Occupation:,What academic challenges affect your mood the most?,Which workplace factors affect your emotions most?,Do student interactions influence your emotional well-being?,Which factors impact your moods most?,What influences your emotional state most?,Work/Study Schedule,Do you feel extra free time increases mood swings?,Do you feel this schedule helps balance your emotions?,What emotional effects do long hours cause?,Which of these burnout signs do you experience most?,Living Situation:,How does living alone affect your moods?,Which family dynamics affect your emotions most?,Do social conflicts or peer influence affect your moods?,Which aspects of your living situation affect your mental health?,When do you most often notice mood swings?,How long do they usually last?,What are the main triggers?,How do you usually react?,Who do you turn to during mood swings?,How comfortable are you sharing emotions?,"In social situations, how do you respond to others’ emotions?",Who understands your emotions best?,Is mental health openly discussed in your environment?,What support would be most useful to you?,Have you ever sought help?,"If yes, what kind of help?",Please feel free to mention any other emotional stress you have.
1,9/30/2025 15:06,9/30/2025 15:09,Texas,Man,Sometimes,NA,,25-34,NA,NA,Finances;Relationships;Career growth;Work deadlines;,NA,NA,NA,Student,Exams;Time management;,NA,NA,NA,NA,20–40 hours/week,NA,No,NA,NA,With roommates/peers,NA,NA,No,NA,Late night;,1–2 hours,Family;,go silent;,No one;,Very uncomfortable,Listen silently;Offer support;,No one,Not at all,none,No,NA,none
2,9/30/2025 15:07,9/30/2025 15:12,Texas- United States,Woman,NA,Yes,,25-34,NA,NA,Career growth;Relationships;,NA,NA,NA,Unemployed,NA,NA,NA,NA,Job search stress;Family pressure;Finances;Long Distance Relationship;,20–40 hours/week,NA,Yes,NA,NA,With roommates/peers,NA,NA,Sometimes,NA,Morning;Afternoon;Evening;Late night;,Minutes,Work;Health;Hormones;,Cry;Frustration;Argue;,Friends;,Very comfortable,Offer support;Listen silently;,Boyfriend,Occasionally,Peer groups,Maybe,NA,NA
3,9/30/2025 15:13,9/30/2025 15:18,Texas- United States,Man,Sometimes,NA,,25-34,NA,NA,Relationships;Work deadlines;Career growth;,NA,NA,NA,Student,Exams;Assignments;Job Application and Immigration Problems;Time management;,NA,NA,NA,NA,More than 60 hours/week,NA,NA,NA,Loss of motivation,With roommates/peers,NA,NA,Sometimes,NA,Late night;Morning;,Several hours,Work;Studies;Social Media;Health;,Frustration;Argue;,Friends;Family;,Neither comfortable nor uncomfortable,Offer support;Listen silently;,Friends,Occasionally,Apps,Maybe,NA,NA
4,9/30/2025 15:33,9/30/2025 15:45,United States,Woman,NA,Yes,,25-34,NA,NA,Depends on the Situation and People ;Career growth;Finances;,NA,NA,NA,Student,Time management;Assignments;,NA,NA,NA,NA,20–40 hours/week,NA,Sometimes,NA,NA,With roommates/peers,NA,NA,Sometimes,NA,Evening;Morning;,Minutes,"Based on the situation and people, sometimes it depends on my hormones whenever I'm on my Menstrual Period.;Hormones;","Earlier I was like calm whenever I feel bad or disturbed. But now like from a few months I stared doing walking/exercise to divert myself, this one I did a few years ago which worked me a lot and I'm applying this now again to balance my mood swings and emotions;Cry;",Family;Friends;,Neither comfortable nor uncomfortable,Offer support;Listen silently;,Family and my close friends to whom I can share ,Rarely,"Need some people who can listen or understand us, I believe that we don't need more people to listen us, our family members or a few friends or enough. I feels like I have enough right now to console me or understand me in my hard and low times. Sometimes they might be too busy at that time I feels like I need to take care of myself, so nothing needs for me now instead of my self Care and Self love.",Maybe,NA,"Obviously as a Human Being I have and I'll get sometimes but mostly 85% I can able to manage by myself, but remaining times I need some people or some things to divert or help me for making me better."
5,9/30/2025 15:57,9/30/2025 16:04,TX- USA,Man,Sometimes,NA,,25-34,NA,NA,Career growth;Work deadlines;Relationships;Finances;,NA,NA,NA,Student,Assignments;Peer pressure;,NA,NA,NA,NA,Less than 20 hours/week,Sometimes,NA,NA,NA,With roommates/peers,NA,NA,Sometimes,NA,Late night;,1–2 hours,Family;Work;Studies;Health;,Distract;Eat/Not Eat;Exercise;Cry;Withdraw;Argue;Frustration;,No one;,Neither comfortable nor uncomfortable,Offer support;,Family,Rarely,Flexible schedule,Yes,Friends,NA
6,9/30/2025 20:00,9/30/2025 20:04,California- USA,Man,Sometimes,NA,,18-24,NA,Often,NA,NA,NA,NA,Student,Time management;Assignments;,NA,NA,NA,NA,41–60 hours/week,NA,NA,Burnout;Stress;,NA,With family,NA,Responsibilities;Support;,NA,NA,Late night;Evening;,1–2 hours,Social Media;Work;Studies;,Exercise;Distract;,Family;,Neither comfortable nor uncomfortable,Offer support;Listen silently;,Family,Occasionally,Workshops,No,NA,NA
7,9/30/2025 21:07,9/30/2025 21:11,Karnataka- India,Woman,NA,Yes,,45-54,NA,NA,NA,NA,Family and Health ,NA,Homemaker ,NA,NA,NA,NA,NA,20–40 hours/week,NA,Sometimes,NA,NA,With family,NA,Responsibilities;Support;Expectations;,NA,NA,Late night;,Minutes,Family;Health;Hormones;,Withdraw;Cry;,No one;,Neither comfortable nor uncomfortable,Offer support;Listen silently;,No one,Occasionally,Flexible schedule,No,NA,NA
8,9/30/2025 21:11,9/30/2025 21:12,Tx- usa,Man,Yes,NA,,Under 18,School;,NA,NA,NA,NA,NA,Student,Exams;,NA,NA,NA,NA,Less than 20 hours/week,Yes,NA,NA,NA,With family,NA,Expectations;,NA,NA,Afternoon;,1–2 hours,Studies;,Withdraw;Exercise;,Friends;,Neither comfortable nor uncomfortable,Change subject;,Colleagues,Not at all,Apps,No,NA,NA
9,9/30/2025 21:11,9/30/2025 21:13,Texas-USA,Man,No,NA,,18-24,NA,Often,NA,NA,NA,NA,Student,Exams;,NA,NA,NA,NA,Less than 20 hours/week,No,NA,NA,NA,With roommates/peers,NA,NA,Yes,NA,Late night;,1–2 hours,Social Media;,Frustration;,Colleagues;,Somewhat comfortable,Avoid;Change subject;,Family,Occasionally,Peer groups,No,NA,NA
10,9/30/2025 21:10,9/30/2025 21:13,Texas- America,Man,Yes,NA,,18-24,NA,Sometimes,NA,NA,NA,NA,Student,Exams;Assignments;,NA,NA,NA,NA,Less than 20 hours/week,Yes,NA,NA,NA,Alone,Neutral,NA,NA,NA,Late night;,Minutes,Work;Studies;Family;Health;Social Media;Hormones;,Withdraw;Argue;Distract;Frustration;Exercise;Eat/Not Eat;Cry;,Family;Friends;Colleagues;Professionals;,Very comfortable,Offer support;Listen silently;Change subject;Avoid;,No one,Not at all,Counseling,No,NA,NA
11,9/30/2025 21:12,9/30/2025 21:22,Texas- USA,Man,Sometimes,NA,,25-34,NA,NA,Relationships;,NA,NA,NA,Student,Time management;,NA,NA,NA,NA,Less than 20 hours/week,No,NA,NA,NA,With roommates/peers,NA,NA,No,NA,Morning;,Minutes,Work;,Frustration;,Family;,Very uncomfortable,Listen silently;,Family,Rarely,Counseling,Yes,Family,NA
12,9/30/2025 21:34,9/30/2025 21:37,Denton- Texas,Man,Yes,NA,,25-34,NA,NA,Finances;Relationships;Career growth;,NA,NA,NA,Employee (Corporate/Private),NA,Colleague relations;,NA,NA,NA,41–60 hours/week,NA,NA,Burnout;Fatigue;Stress;Irritability;,NA,With roommates/peers,NA,NA,Sometimes,NA,Late night;,1–2 hours,Family;Hormones;Social Media;,Exercise;Distract;Cry;,Friends;,Very comfortable,Offer support;,Friends,Often,Peer groups,Yes,Friends,NA
13,9/30/2025 21:35,9/30/2025 21:38,Texas,Man,No,NA,,25-34,NA,NA,Career growth;,NA,NA,NA,Entrepreneur/Freelancer,NA,NA,NA,Financial uncertainty;,NA,20–40 hours/week,NA,Yes,NA,NA,With family,NA,Conflicts;,NA,NA,Late night;,Minutes,Work;,Distract;,No one;,Very uncomfortable,Offer support;,No one,Not at all,Peer groups,No,NA,NA
14,9/30/2025 21:38,9/30/2025 21:42,TX- USA,Woman,NA,Yes,,18-24,NA,Often,NA,NA,NA,NA,Unemployed,NA,NA,NA,NA,Job search stress;,Less than 20 hours/week,Sometimes,NA,NA,NA,With roommates/peers,NA,NA,Sometimes,NA,Late night;,1–2 hours,Work;Social Media;,Withdraw;Distract;,Friends;,Somewhat comfortable,Listen silently;,Friends,Occasionally,Peer groups,No,NA,NA
15,9/30/2025 21:44,9/30/2025 21:47,Bangalore,Woman,NA,Yes,,18-24,NA,Sometimes,NA,NA,NA,NA,Student,Peer pressure;Time management;Assignments;Exams;,NA,NA,NA,NA,41–60 hours/week,NA,NA,Irritability;Stress;,NA,With roommates/peers,NA,NA,Yes,NA,Evening;Morning;Afternoon;,A full day or more,Work;Studies;Hormones;Family;,Distract;Withdraw;Eat/Not Eat;,Friends;,Very uncomfortable,Avoid;Listen silently;,Family,Occasionally,Flexible schedule,No,NA,NA
16,9/30/2025 21:46,9/30/2025 21:48,US,Man,Yes,NA,,18-24,NA,Often,NA,NA,NA,NA,Student,Exams;Peer pressure;,NA,NA,NA,NA,Less than 20 hours/week,Yes,NA,NA,NA,With roommates/peers,NA,NA,No,NA,Late night;,Minutes,Social Media;Work;Family;Health;,Distract;Frustration;,No one;,Very uncomfortable,Change subject;,Friends,Not at all,Peer groups,No,NA,NA
17,9/30/2025 21:45,9/30/2025 21:52,Texas,Man,Yes,NA,,18-24,NA,Always,NA,NA,NA,NA,Student,Exams;Assignments;,NA,NA,NA,NA,Less than 20 hours/week,Yes,NA,NA,NA,With roommates/peers,NA,NA,Yes,NA,Late night;,1–2 hours,Studies;,Frustration;,Friends;,Somewhat comfortable,Listen silently;,No one,Rarely,Apps,Maybe,NA,NA
18,9/30/2025 21:47,9/30/2025 21:53,Texas,Man,Yes,NA,,18-24,NA,Always,NA,NA,NA,NA,Student,Assignments;Exams;,NA,NA,NA,NA,20–40 hours/week,NA,Yes,NA,NA,With roommates/peers,NA,NA,No,NA,Late night;,1–2 hours,Hormones;,Argue;,Friends;Family;,Very comfortable,Listen silently;,Friends,Occasionally,Counseling,Maybe,NA,As per now nothing 
19,9/30/2025 21:51,9/30/2025 21:53,Denton,Man,Yes,NA,,18-24,NA,Often,NA,NA,NA,NA,Student,Assignments;,NA,NA,NA,NA,Less than 20 hours/week,Sometimes,NA,NA,NA,With roommates/peers,NA,NA,Yes,NA,Late night;,1–2 hours,Family;Studies;Hormones;,Frustration;,Friends;,Somewhat comfortable,Offer support;,Friends,Occasionally,Peer groups,Yes,Friends,NA
20,9/30/2025 21:52,9/30/2025 21:57,USA,Woman,NA,Yes,,25-34,NA,NA,Work deadlines;Finances;Relationships;Career growth;,NA,NA,NA,Student,Assignments;Peer pressure;Time management;,NA,NA,NA,NA,20–40 hours/week,NA,Sometimes,NA,NA,With roommates/peers,NA,NA,Yes,NA,Afternoon;Evening;Late night;,A full day or more,Studies;Work;Family;Health;Conversations about growth/development;,"Distract;Keep to self, suffer from anxiety;",No one;Friends;,Somewhat comfortable,Listen silently;Offer support;Avoid;,Friends,Occasionally,Peer groups,Yes,Friends,NA
21,9/30/2025 21:59,9/30/2025 22:02,California,Woman,NA,Yes,,25-34,NA,NA,Work deadlines;Career growth;Relationships;Finances;Family;,NA,NA,NA,Employee (Corporate/Private),NA,Deadlines;Manager expectations;Colleague relations;Workload;,NA,NA,NA,41–60 hours/week,NA,NA,Fatigue;Stress;Irritability;Burnout;,NA,With roommates/peers,NA,NA,Yes,NA,Morning;Afternoon;Evening;Late night;,A full day or more,Work;Family;Health;Social Media;Hormones;,Cry;Eat/Not Eat;Frustration;Argue;,Family;No one;,Very comfortable,Offer support;,Family,Often,Counseling,Yes,Family,NA
22,9/30/2025 22:03,9/30/2025 22:05,San jose- USA,Man,No,NA,,25-34,NA,NA,Work deadlines;Finances;Relationships;,NA,NA,NA,Employee (Corporate/Private),NA,Deadlines;Workload;,NA,NA,NA,41–60 hours/week,NA,NA,Fatigue;Stress;Burnout;Irritability;,NA,With roommates/peers,NA,NA,No,NA,Late night;,Minutes,Work;Family;,Sleep;,No one;,Very comfortable,Offer support;Listen silently;,Family,Often,Counseling,No,NA,NA
23,9/30/2025 22:07,9/30/2025 22:07,Texas- US,Man,No,NA,,25-34,NA,NA,Finances;Work deadlines;,NA,NA,NA,Student,Exams;Time management;,NA,NA,NA,NA,Less than 20 hours/week,No,NA,NA,NA,With roommates/peers,NA,NA,Yes,NA,Evening;,1–2 hours,Studies;Work;,Frustration;,Family;Friends;,Neither comfortable nor uncomfortable,Offer support;,Family,Often,.,Maybe,NA,.
24,9/30/2025 22:06,9/30/2025 22:09,Texas,Man,No,NA,,18-24,NA,Often,NA,NA,NA,NA,Student,Time management;,NA,NA,NA,NA,Less than 20 hours/week,Sometimes,NA,NA,NA,With family,NA,Support;,NA,NA,Late night;,Several hours,Family;Work;Studies;,Frustration;,Friends;,Somewhat uncomfortable,Listen silently;,Friends,Not at all,Counseling,Maybe,NA,Thankyou 
25,9/30/2025 22:08,9/30/2025 22:11,Karnataka- India,Man,Sometimes,NA,,18-24,NA,Rarely,NA,NA,NA,NA,Student,Exams;Time management;,NA,NA,NA,NA,41–60 hours/week,NA,NA,Fatigue;Irritability;,NA,With family,NA,Conflicts;,NA,NA,Evening;,Minutes,Family;,Argue;Withdraw;,No one;,Somewhat comfortable,Offer support;,Friends,Occasionally,Peer groups,No,NA,NA
26,9/30/2025 22:10,9/30/2025 22:12,India,Man,No,NA,,18-24,NA,Always,NA,NA,NA,NA,Employee (Corporate/Private),NA,Manager expectations;,NA,NA,NA,20–40 hours/week,NA,No,NA,NA,Alone,Positive,NA,NA,NA,Evening;,Several hours,Work;Family;Hormones;,Withdraw;Distract;,Family;,Somewhat uncomfortable,Listen silently;,Friends,Often,Counseling,Yes,Counseling,Lover
27,9/30/2025 22:12,9/30/2025 22:15,California- USA,Man,Sometimes,NA,,25-34,NA,NA,Finances;Career growth;Relationships;,NA,NA,NA,Employee (Corporate/Private),NA,Manager expectations;,NA,NA,NA,41–60 hours/week,NA,NA,Fatigue;,NA,With family,NA,Conflicts;,NA,NA,Late night;,Minutes,Social Media;,Exercise;,Family;,Very comfortable,Listen silently;,Family,Occasionally,Counseling,Maybe,NA,NA
28,9/30/2025 22:13,9/30/2025 22:16,India,Man,No,NA,,25-34,NA,NA,Relationships;Finances;Career growth;,NA,NA,NA,Employee (Corporate/Private),NA,Workload;,NA,NA,NA,Less than 20 hours/week,Sometimes,NA,NA,NA,With family,NA,Expectations;Conflicts;,NA,NA,Evening;Late night;,1–2 hours,Family;Work;,Argue;Frustration;,Family;,Somewhat uncomfortable,Listen silently;,Friends,Not at all,Flexible schedule,No,NA,NA
29,9/30/2025 22:17,9/30/2025 22:20,Gurgaon,Man,Yes,NA,,25-34,NA,NA,Work deadlines;Career growth;Relationships;Finances;,NA,NA,NA,Employee (Corporate/Private),NA,Manager expectations;,NA,NA,NA,41–60 hours/week,NA,NA,Burnout;Irritability;,NA,With family,NA,Responsibilities;Expectations;,NA,NA,Morning;Afternoon;Late night;,1–2 hours,Work;Family;,Withdraw;Argue;Distract;Eat/Not Eat;Exercise;,Friends;,Somewhat comfortable,Offer support;,Friends,Rarely,Peer groups,No,NA,NA
30,9/30/2025 22:17,9/30/2025 22:20,Texas- United States,Man,Yes,NA,,18-24,NA,Rarely,NA,NA,NA,NA,Student,Exams;Time management;,NA,NA,NA,NA,20–40 hours/week,NA,Yes,NA,NA,Alone,Neutral,NA,NA,NA,Late night;,Minutes,Family;,Withdraw;Exercise;,Friends;Family;,Very comfortable,Offer support;,Friends,Occasionally,Peer groups,Yes,Friends,NA
31,9/30/2025 22:16,9/30/2025 22:20,Texas- United States,Man,Yes,NA,,18-24,NA,Sometimes,NA,NA,NA,NA,Student,Time management;Peer pressure;,NA,NA,NA,NA,20–40 hours/week,NA,Yes,NA,NA,With roommates/peers,NA,NA,No,NA,Late night;,1–2 hours,Social Media;Work;,Gaming ;,No one;,Somewhat comfortable,Offer support;,Friends,Rarely,Counseling,No,NA,Nothing else just studies and job 
32,9/30/2025 22:18,9/30/2025 22:21,Texas,Man,No,NA,,25-34,NA,NA,Career growth;,NA,NA,NA,Student,Time management;,NA,NA,NA,NA,Less than 20 hours/week,Yes,NA,NA,NA,Alone,Neutral,NA,NA,NA,Late night;,Minutes,Work;,Distract;Withdraw;,Friends;,Very comfortable,Offer support;,Family,Not at all,Flexible schedule,No,NA,NA
33,9/30/2025 22:20,9/30/2025 22:23,Texas-USA,Man,Sometimes,NA,,18-24,NA,Sometimes,NA,NA,NA,NA,Student,Peer pressure;Time management;Exams;,NA,NA,NA,NA,20–40 hours/week,NA,Sometimes,NA,NA,With roommates/peers,NA,NA,Yes,NA,Evening;Late night;,Several hours,Work;Social Media;Hormones;,Argue;Frustration;,Family;,Somewhat comfortable,Listen silently;Change subject;Avoid;,Family,Rarely,Peer groups,No,NA,NA
34,9/30/2025 22:19,9/30/2025 22:23,Hyderabad,Man,Sometimes,NA,,25-34,NA,NA,Relationships;Finances;,NA,NA,NA,Employee (Corporate/Private),NA,Colleague relations;,NA,NA,NA,20–40 hours/week,NA,Sometimes,NA,NA,With roommates/peers,NA,NA,No,NA,Morning;Afternoon;Evening;Late night;,Several hours,Family;,Eat/Not Eat;Staying calm;,Friends;,Neither comfortable nor uncomfortable,Listen silently;,Friends,Occasionally,Peer groups,No,NA,NA
35,9/30/2025 22:20,9/30/2025 22:23,Texas,Woman,NA,Yes,,35-44,NA,NA,NA,Yes,NA,NA,Student,Exams;Assignments;Peer pressure;,NA,NA,NA,NA,20–40 hours/week,NA,No,NA,NA,With roommates/peers,NA,NA,Yes,NA,Evening;Afternoon;Late night;,1–2 hours,Work;Studies;Family;,Eat/Not Eat;Frustration;Argue;Distract;,Friends;Family;Colleagues;,Very uncomfortable,Offer support;Listen silently;,Family,Occasionally,Flexible schedule,No,NA,NA
36,9/30/2025 22:20,9/30/2025 22:24,Texas- United States,Man,Sometimes,NA,,45-54,NA,NA,NA,NA,Health issues,NA,Employee (Corporate/Private),NA,Deadlines;,NA,NA,NA,20–40 hours/week,NA,Yes,NA,NA,With family,NA,Conflicts;,NA,NA,Morning;,1–2 hours,yime of day;,Withdraw;Exercise;,No one;,Somewhat uncomfortable,Listen silently;,No one,Rarely,Workshops,No,NA,NA
37,9/30/2025 22:18,9/30/2025 22:25,Tamilnadu- India,Man,Yes,NA,,55 and above,NA,NA,NA,NA,NA,Easier,Entrepreneur/Freelancer,NA,NA,NA,Financial uncertainty;,NA,20–40 hours/week,NA,Yes,NA,NA,With family,NA,Conflicts;,NA,NA,Morning;,Minutes,Family;,Withdraw;,Friends;,Somewhat comfortable,Offer support;,Friends,Occasionally,Peer groups,Yes,Friends,Nothing serious.
38,9/30/2025 22:24,9/30/2025 22:27,Texas- US,Man,Yes,NA,,25-34,NA,NA,Work deadlines;Relationships;Finances;,NA,NA,NA,Student,Time management;,NA,NA,NA,NA,41–60 hours/week,NA,NA,Fatigue;,NA,With family,NA,Support;,NA,NA,Evening;,1–2 hours,Work;,Withdraw;Frustration;,No one;,Somewhat uncomfortable,Listen silently;,Friends,Occasionally,Counseling,No,NA,Nope 
39,9/30/2025 22:26,9/30/2025 22:30,Karnataka- India,Man,No,NA,,45-54,NA,NA,NA,NA,Work stress,NA,Employee (Corporate/Private),NA,Manager expectations;Colleague relations;,NA,NA,NA,41–60 hours/week,NA,NA,Burnout;,NA,With family,NA,Conflicts;Expectations;,NA,NA,Afternoon;,Minutes,Work;Family;,Argue;Withdraw;,Family;Friends;,Neither comfortable nor uncomfortable,Offer support;Listen silently;,Family,Rarely,Counseling,No,NA,NA
40,9/30/2025 22:32,9/30/2025 22:33,India,Woman,NA,Yes,,25-34,NA,NA,Work deadlines;Relationships;Career growth;,NA,NA,NA,Employee (Corporate/Private),NA,Deadlines;Colleague relations;Workload;,NA,NA,NA,41–60 hours/week,NA,NA,Stress;Fatigue;,NA,With family,NA,Conflicts;Responsibilities;,NA,NA,Evening;Late night;,Several hours,Family;Hormones;Work;,Cry;,No one;,Neither comfortable nor uncomfortable,Listen silently;,No one,Rarely,Counseling,No,NA,NA
41,9/30/2025 22:24,9/30/2025 22:34,Chennai - India,Man,No,NA,,18-24,NA,Always,NA,NA,NA,NA,Student,Exams;Peer pressure,NA,NA,NA,NA,20–40 hours/week,NA,Yes,NA,NA,With family,NA,Conflicts,NA,NA,Late night,Minutes,Health;Studies,Eat/Not Eat;Frustration;Distract,Family;No one,Somewhat comfortable,Offer support,Friends,Rarely,Workshops,No,NA,NA
42,9/30/2025 22:33,9/30/2025 22:38,USA,Woman,NA,Yes,,25-34,NA,NA,Finances;Relationships;Career growth,NA,NA,NA,Employee (Corporate/Private),NA,Nothing ,NA,NA,NA,Less than 20 hours/week,Yes,NA,NA,NA,Alone,Neutral,NA,NA,NA,Evening;Afternoon,Minutes,Family,Cry,No one,Somewhat comfortable,Offer support,No one,Occasionally,Counseling,No,NA,I lost my father I have grief it’s been 3 years since he left me still today I miss him everyday I cry for him every day 
43,9/30/2025 22:38,9/30/2025 22:42,Delhi- India,Man,Sometimes,NA,,25-34,NA,NA,Relationships;Career growth,NA,NA,NA,Employee (Corporate/Private),NA,Manager expectations,NA,NA,NA,20–40 hours/week,NA,Sometimes,NA,NA,With family,NA,Support,NA,NA,Late night,1–2 hours,Work,Distract,Friends,Somewhat comfortable,Listen silently;Offer support,Friends,Rarely,Peer groups,Maybe,NA,NA
44,9/30/2025 22:41,9/30/2025 22:43,United States,Man,No,NA,,35-44,NA,NA,NA,Yes,NA,NA,Employee (Corporate/Private),NA,Manager expectations;Workload,NA,NA,NA,41–60 hours/week,NA,NA,Fatigue;Stress;Irritability;Burnout,NA,With family,NA,Conflicts;Responsibilities;Expectations;Support,NA,NA,Morning,Minutes,Health,Withdraw,No one,Somewhat uncomfortable,Listen silently,Family,Rarely,Counseling,No,NA,NA
45,9/30/2025 22:47,9/30/2025 22:50,Texas- United States of America,Man,Sometimes,NA,,25-34,NA,NA,Relationships;Career growth,NA,NA,NA,Employee (Corporate/Private),NA,Workload,NA,NA,NA,20–40 hours/week,NA,Yes,NA,NA,With roommates/peers,NA,NA,Sometimes,NA,Evening,1–2 hours,Situations,Withdraw;Argue,No one,Somewhat comfortable,Offer support;Listen silently,Friends,Occasionally,Peer groups,No,NA,NA
46,9/30/2025 22:50,9/30/2025 22:53,India,Man,Yes,NA,,25-34,NA,NA,Relationships,NA,NA,NA,Unemployed,NA,NA,NA,NA,Finances,20–40 hours/week,NA,Yes,NA,NA,With family,NA,Responsibilities,NA,NA,Late night,1–2 hours,Studies,Frustration,Friends,Somewhat comfortable,Offer support,Friends,Rarely,Peer groups,No,NA,NA
47,9/30/2025 22:50,9/30/2025 22:53,Texas,Woman,NA,Yes,,25-34,NA,NA,Relationships;Finances,NA,NA,NA,Unemployed,NA,NA,NA,NA,Family pressure;Finances;Social isolation;Job search stress,Less than 20 hours/week,Yes,NA,NA,NA,With roommates/peers,NA,NA,Yes,NA,Morning;Evening;Late night;Afternoon,Several hours,Studies;Family;Health;Hormones,Withdraw;Eat/Not Eat;Frustration;Cry,No one,Neither comfortable nor uncomfortable,Listen silently;Offer support,No one,Occasionally,Peer groups,No,NA,NA
48,9/30/2025 22:39,9/30/2025 22:53,Karnataka- India,Man,Yes,NA,,18-24,NA,Often,NA,NA,NA,NA,Employee (Corporate/Private),NA,Colleague relations;Workload;Manager expectations,NA,NA,NA,41–60 hours/week,NA,NA,Fatigue;Stress;Irritability;Burnout,NA,Alone,Neutral,NA,NA,NA,Morning;Evening,1–2 hours,Work;Family;Health,Cry;Eat/Not Eat;Frustration;Argue,No one,Neither comfortable nor uncomfortable,Listen silently,Friends,Rarely,Flexible schedule,Yes,Friends,"Occasional stress from balancing family and work, but manageable"
49,9/30/2025 22:51,9/30/2025 22:55,India,Woman,NA,Yes,,18-24,NA,Sometimes,NA,NA,NA,NA,Student,Time management;Assignments;Exams,NA,NA,NA,NA,Less than 20 hours/week,Sometimes,NA,NA,NA,With roommates/peers,NA,NA,Yes,NA,Evening;Afternoon;Morning;Late night,Several hours,Social Media;Studies;Work;Hormones,Exercise,Friends;Family,Somewhat uncomfortable,Listen silently,Friends,Not at all,Counseling,No,NA,NA
50,9/30/2025 22:56,9/30/2025 23:01,Udumalpet- India,Woman,NA,Yes,,45-54,NA,NA,NA,NA,Work stress,NA,Professor/Teacher,NA,NA,Yes,NA,NA,Less than 20 hours/week,Yes,NA,NA,NA,With family,NA,Conflicts,NA,NA,Evening,1–2 hours,Work;Family;Health,Cry;Distract,Friends,Somewhat comfortable,Offer support,Friends,Rarely,Peer groups,Yes,Friends,Children's life style and their struggles to meet the financial problems in their life 
51,9/30/2025 22:41,9/30/2025 23:02,Texas,Man,Yes,NA,,45-54,NA,NA,NA,NA,Work stress,NA,Employee (Corporate/Private),NA,Workload,NA,NA,NA,41–60 hours/week,NA,NA,Stress;Irritability,NA,With family,NA,Responsibilities,NA,NA,Late night,Several hours,Work;Family;Social Media,Distract;Withdraw,Friends,Somewhat comfortable,Change subject;Avoid;Listen silently,Friends,Not at all,Flexible schedule,No,NA,NA
52,9/30/2025 23:00,9/30/2025 23:02,Pakistan,Man,No,NA,,25-34,NA,NA,Relationships;Career growth;Finances,NA,NA,NA,Employee (Corporate/Private),NA,Manager expectations;Workload,NA,NA,NA,Less than 20 hours/week,Yes,NA,NA,NA,With family,NA,Support;Expectations;Responsibilities,NA,NA,Morning;Afternoon;Evening;Late night,Minutes,Social Media,Eat/Not Eat,No one,Very uncomfortable,Listen silently,No one,Not at all,Peer groups,No,NA,Nothing 
53,9/30/2025 23:02,9/30/2025 23:04,India,Woman,NA,Yes,,25-34,NA,NA,Work deadlines;Career growth;Finances,NA,NA,NA,Employee (Corporate/Private),NA,Deadlines;Manager expectations;Workload,NA,NA,NA,41–60 hours/week,NA,NA,Stress;Fatigue;Irritability,NA,With family,NA,Responsibilities;Support;Expectations,NA,NA,Evening;Late night,Minutes,Work;Studies;Social Media;Hormones,Argue;Cry;Frustration,Family,Somewhat comfortable,Offer support,Family,Often,Counseling,Yes,Counseling,NA
54,9/30/2025 23:03,9/30/2025 23:07,Texas- USA,Man,No,NA,,25-34,NA,NA,Career growth;Relationships;Finances;Family responsibilities,NA,NA,NA,Student,Exams;Peer pressure;Time management;Assignments,NA,NA,NA,NA,20–40 hours/week,NA,No,NA,NA,With roommates/peers,NA,NA,Yes,NA,Late night;Morning;Afternoon,Several hours,Work;Studies;Family;Social Media,Frustration;Exercise;Distract,No one,Somewhat uncomfortable,Offer support;Listen silently,Family,Rarely,Counseling,No,NA,NA
55,9/30/2025 23:04,9/30/2025 23:07,India,Woman,NA,Yes,,25-34,NA,NA,Work deadlines;Career growth;Relationships;Finances,NA,NA,NA,Employee (Corporate/Private),NA,Deadlines;Manager expectations;Colleague relations;Workload,NA,NA,NA,41–60 hours/week,NA,NA,Stress;Irritability,NA,With roommates/peers,NA,NA,No,NA,Late night;Evening;Morning;Afternoon,Several hours,Work,Eat/Not Eat;Cry;Argue;Frustration,No one,Somewhat uncomfortable,Listen silently,No one,Rarely,Apps,Yes,Family,NA
56,9/30/2025 23:09,9/30/2025 23:13,Tamil Nadu  India,Woman,NA,No,,55 and above,NA,NA,NA,NA,NA,No change,Unemployed,NA,NA,NA,NA,Social isolation,Less than 20 hours/week,Yes,NA,NA,NA,With family,NA,Conflicts,NA,NA,Morning,Minutes,Hormones,Withdraw,No one,Neither comfortable nor uncomfortable,Offer support,Family,Not at all,Flexible schedule,No,NA,I don’t have any other emotional stress 
57,9/30/2025 23:16,9/30/2025 23:17,Texas- united states,Man,Sometimes,NA,,25-34,NA,NA,Work deadlines;Career growth;Finances,NA,NA,NA,Student,Time management,NA,NA,NA,NA,20–40 hours/week,NA,No,NA,NA,Alone,Neutral,NA,NA,NA,Late night;Morning,1–2 hours,Work;Studies;Family,Exercise;Frustration;Distract;Eat/Not Eat,Friends,Somewhat comfortable,Offer support,Friends,Often,Peer groups,No,NA,NA
58,9/30/2025 23:19,9/30/2025 23:20,Tamilnadu India,Woman,NA,No,,55 and above,NA,NA,NA,NA,NA,No change,Unemployed,NA,NA,NA,NA,Social isolation,Less than 20 hours/week,Yes,NA,NA,NA,With family,NA,Conflicts,NA,NA,Evening,Minutes,Hormones,Withdraw,No one,Neither comfortable nor uncomfortable,Listen silently,Family,Not at all,Flexible schedule,No,NA,I don’t have any other emotional stress 
59,9/30/2025 23:23,9/30/2025 23:27,INDIA,Woman,NA,Yes,,25-34,NA,NA,Relationships,NA,NA,NA,Professor/Teacher,NA,NA,Yes,NA,NA,Less than 20 hours/week,Yes,NA,NA,NA,With family,NA,Expectations,NA,NA,Late night,Several hours,Work,Frustration;Argue;Distract;Cry;Eat/Not Eat,Friends,Somewhat comfortable,Listen silently,Family,Rarely,Counseling,Yes,Friends,NA
60,9/30/2025 23:29,9/30/2025 23:31,Telangana,Man,Yes,NA,,25-34,NA,NA,Finances,NA,NA,NA,Employee (Corporate/Private),NA,Workload,NA,NA,NA,Less than 20 hours/week,Yes,NA,NA,NA,With family,NA,Responsibilities,NA,NA,Late night,Several hours,Hormones,Distract,Friends,Neither comfortable nor uncomfortable,Avoid,Family,Occasionally,Flexible schedule,No,NA,NA
61,9/30/2025 23:29,9/30/2025 23:32,Texas- US,Woman,NA,Yes,,18-24,NA,Always,NA,NA,NA,NA,Student,All,NA,NA,NA,NA,20–40 hours/week,NA,No,NA,NA,With roommates/peers,NA,NA,Sometimes,NA,Late night,A full day or more,All,Distract;Cry,No one,Neither comfortable nor uncomfortable,Listen silently;Change subject;Avoid,Family,Occasionally,Don’t know,Maybe,NA,NA
62,9/30/2025 23:30,9/30/2025 23:32,India,Woman,NA,Yes,,25-34,NA,NA,Work deadlines;Career growth,NA,NA,NA,Employee (Corporate/Private),NA,Deadlines,NA,NA,NA,Less than 20 hours/week,No,NA,NA,NA,With family,NA,Responsibilities,NA,NA,Evening,Minutes,Hormones,Argue;Frustration;Cry,Family,Very comfortable,Offer support;Listen silently,Family,Rarely,Flexible schedule,No,NA,NA
63,9/30/2025 23:33,9/30/2025 23:35,Texas- USA,Woman,NA,Yes,,18-24,NA,Sometimes,NA,NA,NA,NA,Student,Assignments;Peer pressure;Time management,NA,NA,NA,NA,20–40 hours/week,NA,No,NA,NA,With roommates/peers,NA,NA,Yes,NA,Evening;Late night,Several hours,Work;Family;Hormones,Withdraw;Argue;Cry;Eat/Not Eat;Frustration,No one,Neither comfortable nor uncomfortable,Listen silently;Offer support,Family,Often,Counseling,No,NA,NA
64,9/30/2025 23:34,9/30/2025 23:38,TN-India,Man,No,NA,,25-34,NA,NA,Career growth;Relationships,NA,NA,NA,Employee (Corporate/Private),NA,Colleague relations;Manager expectations,NA,NA,NA,41–60 hours/week,NA,NA,Burnout,NA,With roommates/peers,NA,NA,Sometimes,NA,Evening;Late night,1–2 hours,Work;Family;Social Media,Distract,Family;Friends,Somewhat uncomfortable,Listen silently;Change subject,Family,Rarely,Flexible schedule,No,NA,NA
65,9/30/2025 23:36,9/30/2025 23:39,Telangana-Hyderabad,Woman,NA,Yes,,25-34,NA,NA,Nothing,NA,NA,NA,Employee (Corporate/Private),NA,Manager expectations,NA,NA,NA,20–40 hours/week,NA,Sometimes,NA,NA,With family,NA,Conflicts,NA,NA,Evening,1–2 hours,Work;Hormones,Distract;Cry,Family;No one,Somewhat comfortable,Listen silently;Offer support,Family,Often,Peer groups,No,NA,NA
66,9/30/2025 23:43,9/30/2025 23:46,United States,Man,Yes,NA,,18-24,NA,Sometimes,NA,NA,NA,NA,Student,Exams;Assignments,NA,NA,NA,NA,Less than 20 hours/week,Sometimes,NA,NA,NA,With roommates/peers,NA,NA,Sometimes,NA,Late night,1–2 hours,Studies;Family,Eat/Not Eat,No one,Neither comfortable nor uncomfortable,Offer support,Friends,Occasionally,Counseling,Maybe,NA,Nil
67,9/30/2025 23:44,9/30/2025 23:47,India,Woman,NA,Yes,,35-44,NA,NA,NA,Yes,NA,NA,Employee (Corporate/Private),NA,Workload;Deadlines,NA,NA,NA,41–60 hours/week,NA,NA,Burnout;Fatigue;Stress;Irritability,NA,With family,NA,Support;Responsibilities;Conflicts;Expectations,NA,NA,Morning;Late night,Minutes,Family;Work,Withdraw;Distract;Argue;Cry;Frustration,Friends,Somewhat comfortable,Offer support;Listen silently,Friends,Occasionally,Counseling,No,NA,NA
68,9/30/2025 23:46,10/1/2025 0:05,Tamilnadu- india,Woman,NA,Yes,,25-34,NA,NA,Work deadlines;Finances,NA,NA,NA,Employee (Corporate/Private),NA,Deadlines;Workload,NA,NA,NA,41–60 hours/week,NA,NA,Stress,NA,With roommates/peers,NA,NA,Sometimes,NA,Evening;Late night,1–2 hours,Work;Health,Argue;Cry;Frustration,No one;Professionals,Somewhat comfortable,Offer support;Listen silently,My fiancée ,Occasionally,Counseling,Yes,Counseling,"Even though I know it’s not my mistake, I couldn’t forgive or accept something that happened in the past."
69,9/30/2025 23:54,10/1/2025 0:10,Texas- USA,Woman,NA,Yes,,25-34,NA,NA,Career growth;Relationships,NA,NA,NA,Student,Peer pressure,NA,NA,NA,NA,Less than 20 hours/week,Sometimes,NA,NA,NA,With roommates/peers,NA,NA,Yes,NA,Afternoon;Evening,1–2 hours,Hormones;Family;Studies;Work;Social Media,Cry;Distract;Sleep,Family;Friends;No one,Neither comfortable nor uncomfortable,Listen silently;Other,Family,Rarely,Need some alone time ,Yes,Discussing my situation and finding a solution with family or friends ,Separation 
70,10/1/2025 0:11,10/1/2025 0:16,Tamilnadu-india,Man,Yes,NA,,25-34,NA,NA,Work deadlines;Finances;Career growth,NA,NA,NA,Employee (Corporate/Private),NA,Deadlines;Manager expectations,NA,NA,NA,Less than 20 hours/week,No,NA,NA,NA,With roommates/peers,NA,NA,No,NA,Late night;Evening,1–2 hours,Social Media;Work,Withdraw;Eat/Not Eat;Distract,Professionals,Somewhat comfortable,Listen silently;Change subject,Friends,Often,Peer groups,No,NA,NA
71,10/1/2025 0:18,10/1/2025 0:23,Tamilnadu India,Woman,NA,Yes,,25-34,NA,NA,Career growth,NA,NA,NA,Employee (Corporate/Private),NA,Workload,NA,NA,NA,41–60 hours/week,NA,NA,Stress,NA,With family,NA,Responsibilities,NA,NA,Evening,1–2 hours,Health,Argue,No one,Very comfortable,Listen silently,Family,Rarely,Apps,Yes,Family,NA
72,10/1/2025 0:18,10/1/2025 0:24,Tamil Nadu- India,Woman,NA,Not Sure,,25-34,NA,NA,Career growth;Work deadlines;Relationships;Finances,NA,NA,NA,Employee (Corporate/Private),NA,Deadlines,NA,NA,NA,20–40 hours/week,NA,Sometimes,NA,NA,With family,NA,Expectations,NA,NA,Late night,1–2 hours,Family;Work,Cry;Argue,Family,Very comfortable,Change subject,No one,Rarely,Flexible schedule,No,NA,NA
73,10/1/2025 0:22,10/1/2025 0:25,Karnataka- India,Man,Yes,NA,,18-24,NA,Sometimes,NA,NA,NA,NA,Student,Exams;Time management;Assignments,NA,NA,NA,NA,41–60 hours/week,NA,NA,Fatigue;Stress;Irritability;Burnout,NA,With family,NA,Conflicts,NA,NA,Late night,Minutes,Studies,Withdraw;Argue,Friends,Neither comfortable nor uncomfortable,Listen silently,Friends,Often,Peer groups,No,NA,NA
74,10/1/2025 0:21,10/1/2025 0:25,Texas- united states,Woman,NA,Yes,,25-34,NA,NA,Career growth,NA,NA,NA,Student,Time management,NA,NA,NA,NA,20–40 hours/week,NA,Yes,NA,NA,With roommates/peers,NA,NA,Yes,NA,Late night,Minutes,Family,Distract,Family,Somewhat comfortable,Listen silently,Friends,Rarely,Flexible schedule,Yes,Family,Nothing
75,10/1/2025 0:21,10/1/2025 0:25,India,Woman,NA,Yes,,25-34,NA,NA,Relationships;Work deadlines,NA,NA,NA,Employee (Corporate/Private),NA,Manager expectations,NA,NA,NA,Less than 20 hours/week,No,NA,NA,NA,With family,NA,Responsibilities,NA,NA,Morning;Evening,Several hours,Hormones,Frustration;Argue;Cry,Family,Very comfortable,Listen silently,Friends,Occasionally,Peer groups,Maybe,NA,NA
76,10/1/2025 0:24,10/1/2025 0:27,India,Man,No,NA,,18-24,NA,Sometimes,NA,NA,NA,NA,Student,Exams;Assignments;Peer pressure;Time management,NA,NA,NA,NA,Less than 20 hours/week,No,NA,NA,NA,Alone,Neutral,NA,NA,NA,Late night;Evening,1–2 hours,Social Media,Eat/Not Eat;Cry;Distract,No one;Friends,Neither comfortable nor uncomfortable,Change subject,No one,Not at all,Counseling,No,NA,NA
77,10/1/2025 0:26,10/1/2025 0:30,Tamil Nadu,Man,Sometimes,NA,,18-24,NA,Rarely,NA,NA,NA,NA,Student,Time management;Assignments,NA,NA,NA,NA,Less than 20 hours/week,No,NA,NA,NA,With roommates/peers,NA,NA,No,NA,Evening,1–2 hours,Work;Social Media,Frustration;Argue;Distract,Family;Friends,Somewhat comfortable,Listen silently,Friends,Occasionally,Peer groups,No,NA,Ntg
78,10/1/2025 0:24,10/1/2025 0:30,Tamilnadu- India,Woman,NA,Yes,,25-34,NA,NA,Relationships,NA,NA,NA,Employee (Corporate/Private),NA,Deadlines,NA,NA,NA,20–40 hours/week,NA,No,NA,NA,With roommates/peers,NA,NA,Yes,NA,Evening,Several hours,Health;Hormones,Argue;Distract;Cry;Eat/Not Eat;Frustration,Friends,Neither comfortable nor uncomfortable,Listen silently,Friends,Rarely,Flexible schedule,Maybe,NA,NA
79,10/1/2025 0:26,10/1/2025 0:30,India,Woman,NA,Yes,,25-34,NA,NA,Finances;Relationships;Health,NA,NA,NA,Employee (Corporate/Private),NA,Deadlines,NA,NA,NA,41–60 hours/week,NA,NA,Irritability;Burnout,NA,With family,NA,Expectations,NA,NA,Evening,1–2 hours,Hormones,Argue;Cry;Eat/Not Eat;Frustration,Family,Neither comfortable nor uncomfortable,Offer support,Family,Often,Peer groups,No,NA,NA
80,10/1/2025 0:27,10/1/2025 0:34,Jaipur,Man,No,NA,,18-24,NA,Rarely,NA,NA,NA,NA,Student,Time management,NA,NA,NA,NA,Less than 20 hours/week,No,NA,NA,NA,With roommates/peers,NA,NA,Sometimes,NA,Late night,Minutes,Environment ,Withdraw;Frustration,Family;Friends,Somewhat comfortable,Listen silently,Don’t want to say,Occasionally,I am not sure,Yes,Family,"I am not sure, But maybe Some stages of depression. "
81,10/1/2025 0:41,10/1/2025 0:44,Madhyapradesh- India,Man,No,NA,,18-24,NA,Sometimes,NA,NA,NA,NA,Student,Exams,NA,NA,NA,NA,Less than 20 hours/week,No,NA,NA,NA,With roommates/peers,NA,NA,Yes,NA,Evening;Late night,Several hours,Family;Work,Withdraw;Frustration;Exercise,No one,Somewhat uncomfortable,Offer support,No one,Rarely,I don't want ,No,NA,NA
82,10/1/2025 0:42,10/1/2025 0:45,India,Woman,NA,Yes,,25-34,NA,NA,Finances;Career growth,NA,NA,NA,Entrepreneur/Freelancer,NA,NA,NA,Financial uncertainty,NA,More than 60 hours/week,NA,NA,NA,Sleep problems,With roommates/peers,NA,NA,Yes,NA,Morning,1–2 hours,Work;Health;Hormones,Frustration;Eat/Not Eat;Distract,Family,Somewhat comfortable,Offer support,Family,Occasionally,Flexible schedule,No,NA,NA
83,10/1/2025 1:25,10/1/2025 1:29,Tamilnadu- India,Woman,NA,Yes,,35-44,NA,NA,NA,Yes,NA,NA,Employee (Corporate/Private),NA,Workload;Deadlines,NA,NA,NA,41–60 hours/week,NA,NA,Stress;Fatigue;Irritability;Burnout,NA,With family,NA,Expectations,NA,NA,Evening,1–2 hours,Work;Hormones;Social Media,Distract;Eat/Not Eat,Family,Somewhat comfortable,Listen silently;Offer support,Family,Rarely,Workshops,No,NA,NA
84,10/1/2025 1:35,10/1/2025 1:40,Tamil Nadu- India,Man,No,NA,,18-24,NA,Always,NA,NA,NA,NA,Student,Exams;Peer pressure,NA,NA,NA,NA,Less than 20 hours/week,Yes,NA,NA,NA,With family,NA,Responsibilities;Expectations;Conflicts,NA,NA,Late night;Evening,Several hours,Work;Family;Social Media;Health;Studies,Withdraw;Distract;Cry;Frustration,No one,Somewhat comfortable,Listen silently;Offer support,ChatGPT (sad but yes ),Rarely,Just someone who would listen ,No,NA,Loneliness man
85,10/1/2025 1:38,10/1/2025 1:42,Tamilnadu India,Woman,NA,Yes,,25-34,NA,NA,Relationships,NA,NA,NA,Employee (Corporate/Private),NA,Workload,NA,NA,NA,41–60 hours/week,NA,NA,Fatigue,NA,With family,NA,Support,NA,NA,Afternoon,1–2 hours,Family;Health;Work,Cry;Frustration,No one,Neither comfortable nor uncomfortable,Listen silently,Friends,Occasionally,Counseling,Yes,Counseling,NA
86,10/1/2025 1:36,10/1/2025 1:46,TN- India,Woman,NA,Yes,,18-24,NA,Sometimes,NA,NA,NA,NA,Unemployed,NA,NA,NA,NA,Job search stress;Family pressure;Finances,20–40 hours/week,NA,Sometimes,NA,NA,With family,NA,Conflicts;Support,NA,NA,Late night,1–2 hours,Studies;Family;Hormones,Cry;Frustration;Distract;Eat/Not Eat,No one,Somewhat comfortable,Listen silently;Offer support,Family,Rarely,Peer groups,No,NA,NA
87,10/1/2025 2:00,10/1/2025 2:04,Delhi- India,Man,Yes,NA,,25-34,NA,NA,Finances;Career growth;Work deadlines,NA,NA,NA,Employee (Corporate/Private),NA,Colleague relations;Manager expectations,NA,NA,NA,41–60 hours/week,NA,NA,Fatigue;Stress;Burnout;Irritability,NA,Alone,Neutral,NA,NA,NA,Late night;Evening,1–2 hours,Family;Health;Social Media,Distract;Eat/Not Eat;Frustration,Family,Neither comfortable nor uncomfortable,Listen silently,No one,Rarely,Apps,No,NA,NA
88,10/1/2025 2:47,10/1/2025 2:53,Tamilnadu- India,Man,Sometimes,NA,,18-24,NA,Often,NA,NA,NA,NA,Employee (Corporate/Private),NA,Manager expectations,NA,NA,NA,More than 60 hours/week,NA,NA,NA,Loss of motivation,With family,NA,Responsibilities,NA,NA,Morning,Several hours,Work;Health,Frustration,No one,Very uncomfortable,Listen silently,Colleagues,Not at all,Flexible schedule,No,NA,NA
89,10/1/2025 2:44,10/1/2025 2:53,Tamilnadu-India,Man,Sometimes,NA,,25-34,NA,NA,Relationships;Career growth,NA,NA,NA,Entrepreneur/Freelancer,NA,NA,NA,Financial uncertainty,NA,Less than 20 hours/week,No,NA,NA,NA,With roommates/peers,NA,NA,Yes,NA,Late night,1–2 hours,Work;Health;Social Media,Cry;Argue,Friends,Somewhat comfortable,Listen silently,No one,Occasionally,Peer groups,No,NA,She absence.
90,10/1/2025 2:35,10/1/2025 3:18,Tamil Nadu- India,Man,Sometimes,NA,,Under 18,Social Media,NA,NA,NA,NA,NA,Student,Peer pressure;Time management;Exams,NA,NA,NA,NA,20–40 hours/week,NA,Sometimes,NA,NA,With family,NA,Expectations,NA,NA,Afternoon,1–2 hours,Hormones;Studies,Frustration;Argue,Family;Friends,Somewhat comfortable,Offer support;Change subject,No one,Rarely,Flexible schedule,No,NA,NA
91,10/1/2025 3:18,10/1/2025 3:23,Tamilnadu- India,Man,No,NA,,25-34,NA,NA,Career growth;Finances,NA,NA,NA,Professor/Teacher,NA,NA,Sometimes,NA,NA,20–40 hours/week,NA,No,NA,NA,With family,NA,Responsibilities;Expectations,NA,NA,Late night,Several hours,Family;Studies;Work;Hormones;Health,Exercise;Eat/Not Eat,No one,Neither comfortable nor uncomfortable,Listen silently,No one,Occasionally,Flexible schedule,Maybe,NA,NA
92,10/1/2025 3:24,10/1/2025 3:27,Assam- India,Man,Sometimes,NA,,18-24,NA,Often,NA,NA,NA,NA,Student,Assignments;Exams;Time management,NA,NA,NA,NA,41–60 hours/week,NA,NA,Stress;Irritability;Fatigue;Burnout,NA,Alone,Negative,NA,NA,NA,Evening,Several hours,Studies;Family;Social Media;Hormones,Cry;Eat/Not Eat;Frustration;Argue;Distract,No one,Neither comfortable nor uncomfortable,Listen silently,Friends,Rarely,Counseling,Yes,Counseling,NA
93,10/1/2025 3:30,10/1/2025 3:32,Tamil Nadu- India,Woman,NA,Yes,,18-24,NA,Sometimes,NA,NA,NA,NA,Student,Exams;Time management;Assignments,NA,NA,NA,NA,Less than 20 hours/week,Sometimes,NA,NA,NA,With family,NA,Responsibilities;Expectations,NA,NA,Morning;Late night,Minutes,Studies;Family,Argue;Frustration,No one,Neither comfortable nor uncomfortable,Listen silently;Offer support,Friends,Occasionally,Flexible schedule,Maybe,NA,-
94,10/1/2025 3:45,10/1/2025 3:48,Luxembourg,Woman,NA,Yes,,25-34,NA,NA,Finances;Relationships,NA,NA,NA,Employee (Corporate/Private),NA,Colleague relations,NA,NA,NA,20–40 hours/week,NA,Sometimes,NA,NA,With family,NA,Expectations,NA,NA,Late night;Morning,Several hours,Hormones,Eat/Not Eat;Distract;Cry,Family,Neither comfortable nor uncomfortable,Listen silently,Family,Occasionally,Peer groups,Yes,Friends,NA
95,10/1/2025 4:58,10/1/2025 5:00,TN- India,Woman,NA,Yes,,18-24,NA,Often,NA,NA,NA,NA,Student,Assignments;Exams;Peer pressure;Time management,NA,NA,NA,NA,20–40 hours/week,NA,Sometimes,NA,NA,With family,NA,Conflicts;Support;Expectations;Responsibilities,NA,NA,Late night;Evening,1–2 hours,Work;Studies;Family;Health;Social Media;Hormones,Argue;Withdraw;Distract;Cry;Eat/Not Eat;Frustration,Professionals;Friends,Somewhat comfortable,Listen silently,No one,Rarely,Flexible schedule,Maybe,NA,Anxiety.
96,10/1/2025 6:17,10/1/2025 6:19,India,Woman,NA,Yes,,25-34,NA,NA,Work deadlines;Relationships;Finances,NA,NA,NA,Employee (Corporate/Private),NA,Deadlines;Workload,NA,NA,NA,20–40 hours/week,NA,Yes,NA,NA,With family,NA,Support;Conflicts;Responsibilities,NA,NA,Evening;Late night,1–2 hours,Hormones;Work;Family,Frustration;Argue;Distract,Friends,Somewhat comfortable,Offer support;Listen silently,Partner,Occasionally,Counseling,Yes,Counseling,NA
97,10/1/2025 6:24,10/1/2025 6:27,Tamilnadu - India,Man,Yes,NA,,25-34,NA,NA,Work deadlines;Finances,NA,NA,NA,Employee (Corporate/Private),NA,Deadlines;Workload,NA,NA,NA,41–60 hours/week,NA,NA,Fatigue;Stress,NA,With family,NA,Support;Responsibilities,NA,NA,Late night,1–2 hours,Health;Studies;Family,Exercise,Family,Somewhat comfortable,Listen silently,Friends,Occasionally,Peer groups,Yes,Friends,NA
98,10/1/2025 7:23,10/1/2025 7:27,India- Tamil Nadu- Sivaganga,Man,No,NA,,25-34,NA,NA,Finances;Work deadlines,NA,NA,NA,Employee (Corporate/Private),NA,Manager expectations;Deadlines;Workload,NA,NA,NA,41–60 hours/week,NA,NA,Stress,NA,Alone,Neutral,NA,NA,NA,Evening,Minutes,Work;Health;Family,Distract,Colleagues;Friends,Somewhat comfortable,Listen silently;Offer support,Friends,Often,Apps,No,NA,NA
99,10/1/2025 8:35,10/1/2025 8:41,Hyderabad,Man,Yes,NA,,25-34,NA,NA,Career growth,NA,NA,NA,Employee (Corporate/Private),NA,Deadlines,NA,NA,NA,Less than 20 hours/week,No,NA,NA,NA,Alone,Negative,NA,NA,NA,Evening,Minutes,Work;Hormones;Social Media,Exercise;Distract,Friends,Somewhat comfortable,Offer support,Friends,Occasionally,Workshops,No,NA,NA
100,10/1/2025 9:03,10/1/2025 9:08,Haryana- India,Man,Sometimes,NA,,25-34,NA,NA,Work deadlines;Relationships;Finances,NA,NA,NA,Employee (Corporate/Private),NA,Workload;Colleague relations;Manager expectations;Relationship at home,NA,NA,NA,More than 60 hours/week,NA,NA,NA,Loss of motivation,Alone,Negative,NA,NA,NA,Late night,1–2 hours,Work;Studies;Family,Argue;Eat/Not Eat;Cry;Frustration,No one,Neither comfortable nor uncomfortable,Listen silently;Change subject;Avoid,No one,Rarely,Counseling,Yes,Friends,Need a person who listens to me and engage 
101,10/1/2025 9:40,10/1/2025 9:43,United States,Man,No,NA,,45-54,NA,NA,NA,NA,Work stress,NA,Employee (Corporate/Private),NA,Manager expectations,NA,NA,NA,41–60 hours/week,NA,NA,Fatigue;Stress,NA,With family,NA,Support;Responsibilities,NA,NA,Morning,1–2 hours,Family,Withdraw,Family,Somewhat comfortable,Listen silently;Offer support,Family,Occasionally,Peer groups,No,NA,NA
102,10/1/2025 9:57,10/1/2025 9:59,United States of America,Man,Sometimes,NA,,18-24,NA,Sometimes,NA,NA,NA,NA,Student,Time management;Exams,NA,NA,NA,NA,20–40 hours/week,NA,Sometimes,NA,NA,With roommates/peers,NA,NA,Yes,NA,Late night,Minutes,If consuming negative news or news related to deaths.,Exercise;Distract,Family;Friends,Very comfortable,Offer support;Listen silently,Family,Often,Apps,No,NA,NA
103,10/1/2025 10:25,10/1/2025 10:27,Denton,Man,Sometimes,NA,,25-34,NA,NA,Career growth;Finances,NA,NA,NA,Unemployed,NA,NA,NA,NA,Finances;Family pressure;Job search stress,Less than 20 hours/week,Sometimes,NA,NA,NA,With roommates/peers,NA,NA,Yes,NA,Late night;Evening,1–2 hours,Family;Social Media;Work,Exercise,No one,Somewhat uncomfortable,Listen silently,Friends,Occasionally,Peer groups,Yes,Counseling,NA
104,10/1/2025 10:42,10/1/2025 10:45,????,Prefer not to say,NA,NA,,25-34,NA,NA,Relationships,NA,NA,NA,Unemployed,NA,NA,NA,NA,Social isolation,Less than 20 hours/week,No,NA,NA,NA,With roommates/peers,NA,NA,No,NA,Afternoon;Morning;Evening;Late night,A full day or more,Hormones,Distract,Professionals,Very uncomfortable,Change subject,No one,Often,Apps,No,NA,????????
105,10/1/2025 11:06,10/1/2025 11:08,Denton- USA,Man,Sometimes,NA,,25-34,NA,NA,Work deadlines;Career growth;Finances,NA,NA,NA,Student,Assignments;Peer pressure;Time management;Exams,NA,NA,NA,NA,Less than 20 hours/week,Sometimes,NA,NA,NA,With roommates/peers,NA,NA,Yes,NA,Morning;Afternoon;Evening;Late night,1–2 hours,Work;Family;Social Media;Hormones;Health;Studies,Eat/Not Eat;Cry;Distract;Argue;Withdraw;Exercise;Frustration,No one,Neither comfortable nor uncomfortable,Listen silently;Offer support,No one,Rarely,Flexible schedule,No,NA,No
106,10/1/2025 12:01,10/1/2025 12:03,India,Woman,NA,Yes,,18-24,NA,Often,NA,NA,NA,NA,Employee (Corporate/Private),NA,Colleague relations,NA,NA,NA,Less than 20 hours/week,Yes,NA,NA,NA,With roommates/peers,NA,NA,No,NA,Afternoon,Minutes,Work;Studies;Family;Health,Distract;Argue,Friends,Very comfortable,Offer support;Listen silently;Change subject,Family,Often,Counseling,Yes,Medication,Losing interest 
107,10/1/2025 12:28,10/1/2025 12:34,India,Woman,NA,Yes,,25-34,NA,NA,Relationships,NA,NA,NA,Employee (Corporate/Private),NA,Colleague relations,NA,NA,NA,41–60 hours/week,NA,NA,All the above ,NA,With roommates/peers,NA,NA,No,NA,Late night,A full day or more,Hormones,Frustration,No one,Neither comfortable nor uncomfortable,Change subject,Friends,Occasionally,Flexible schedule,Yes,Spiritual guidance,Need to financially independent and need to have royal relationship 
108,10/1/2025 12:56,10/1/2025 12:59,Tx,Woman,NA,Yes,,25-34,NA,NA,Relationships;Finances,NA,NA,NA,Employee (Corporate/Private),NA,Workload;Colleague relations,NA,NA,NA,Less than 20 hours/week,Sometimes,NA,NA,NA,With family,NA,Responsibilities;Expectations;Conflicts,NA,NA,Evening,1–2 hours,Family;Health;Hormones;Social Media,Argue;Cry;Frustration,Friends,Neither comfortable nor uncomfortable,Listen silently,Family,Often,Flexible schedule,No,NA,NA
109,10/1/2025 13:13,10/1/2025 13:18,Tamilnadu- India,Man,No,NA,,25-34,NA,NA,Relationships;Career growth,NA,NA,NA,Employee (Corporate/Private),NA,Colleague relations,NA,NA,NA,Less than 20 hours/week,Yes,NA,NA,NA,With family,NA,Expectations,NA,NA,Afternoon,Several hours,Health,Withdraw,No one,Very uncomfortable,Offer support,No one,Not at all,Counseling,No,NA,NA
110,10/1/2025 14:00,10/1/2025 14:03,Kanagavalli,Woman,NA,Yes,,25-34,NA,NA,Finances;Relationships;Career growth;Work deadlines,NA,NA,NA,Employee (Corporate/Private),NA,Manager expectations,NA,NA,NA,20–40 hours/week,NA,No,NA,NA,With family,NA,Expectations;Conflicts;Responsibilities,NA,NA,Morning;Late night,Minutes,Work;Family;Health;Hormones,Frustration;Eat/Not Eat;Cry,No one,Somewhat comfortable,Offer support,Friends,Occasionally,Flexible schedule,Yes,Counseling,NA
111,10/1/2025 14:09,10/1/2025 14:12,Tamil Nadu,Man,Sometimes,NA,,25-34,NA,NA,Work deadlines,NA,NA,NA,Employee (Corporate/Private),NA,Manager expectations,NA,NA,NA,41–60 hours/week,NA,NA,Stress,NA,With family,NA,Responsibilities,NA,NA,Morning,Several hours,Work,Frustration,Family,Somewhat comfortable,Offer support;Listen silently,Family,Occasionally,Peer groups,Maybe,NA,NA
112,10/1/2025 15:18,10/1/2025 15:19,California- USA,Man,Sometimes,NA,,25-34,NA,NA,Relationships;Finances,NA,NA,NA,Employee (Corporate/Private),NA,Deadlines,NA,NA,NA,20–40 hours/week,NA,Sometimes,NA,NA,Alone,Negative,NA,NA,NA,Late night;Evening,1–2 hours,Family;Social Media,Distract;Exercise,Friends,Somewhat comfortable,Listen silently;Offer support,Friends,Occasionally,Counseling,Yes,Counseling,NA
113,10/1/2025 15:18,10/1/2025 15:21,United States,Woman,NA,Yes,,25-34,NA,NA,Relationships;Career growth,NA,NA,NA,Student,Peer pressure;Time management,NA,NA,NA,NA,Less than 20 hours/week,Sometimes,NA,NA,NA,With roommates/peers,NA,NA,Sometimes,NA,Late night,Several hours,Family;Studies;Work,Withdraw;Eat/Not Eat;Cry,Friends;Family,Neither comfortable nor uncomfortable,Offer support,Both family and friends ,Often,Peer groups,Yes,Friends,Marriage stress
114,10/1/2025 15:49,10/1/2025 15:53,Kaushik,Woman,NA,Yes,,25-34,NA,NA,Relationships,NA,NA,NA,Employee (Corporate/Private),NA,Manager expectations,NA,NA,NA,Less than 20 hours/week,Yes,NA,NA,NA,With roommates/peers,NA,NA,Yes,NA,Afternoon,1–2 hours,Social Media,Frustration,No one,Neither comfortable nor uncomfortable,Listen silently,Friends,Rarely,Being alone,No,NA,NA
115,10/1/2025 16:03,10/1/2025 16:06,Iowa- USA,Man,Yes,NA,,35-44,NA,NA,NA,Yes,NA,NA,Employee (Corporate/Private),NA,Workload,NA,NA,NA,41–60 hours/week,NA,NA,Burnout,NA,With family,NA,Expectations,NA,NA,Evening,1–2 hours,Work,Distract,Family,Very comfortable,Listen silently,Family,Rarely,activities,No,NA,NA
116,10/1/2025 16:05,10/1/2025 16:14,Iowa- USA,Man,No,NA,,35-44,NA,NA,NA,Sometimes,NA,NA,Employee (Corporate/Private),NA,Deadlines;Workload,NA,NA,NA,41–60 hours/week,NA,NA,Fatigue;Stress;Burnout,NA,Alone,Neutral,NA,NA,NA,Morning,1–2 hours,Work,Exercise,No one,Very comfortable,Offer support,Friends,Occasionally,Workshops,Yes,Counseling,NA
117,10/1/2025 16:21,10/1/2025 16:23,Georgia USA,Man,No,NA,,35-44,NA,NA,NA,Yes,NA,NA,Employee (Corporate/Private),NA,Workload;Deadlines,NA,NA,NA,20–40 hours/week,NA,Yes,NA,NA,With family,NA,Responsibilities;Expectations,NA,NA,Morning;Evening,Minutes,Work;Family,Argue;Frustration,Family;Friends,Neither comfortable nor uncomfortable,Listen silently;Offer support,Family,Not at all,Counseling,No,NA,NA
118,10/1/2025 16:18,10/1/2025 16:24,Texas- United States,Man,Yes,NA,,25-34,NA,NA,Career growth;Relationships;Work deadlines;Finances,NA,NA,NA,Unemployed,NA,NA,NA,NA,Social isolation;Job search stress;Finances,20–40 hours/week,NA,Sometimes,NA,NA,With roommates/peers,NA,NA,Yes,NA,Evening,1–2 hours,Studies;Family;Social Media;Health,Distract;Frustration,Friends;Colleagues,Somewhat comfortable,Listen silently;Offer support,Family,Occasionally,Flexible schedule,No,NA,NA
119,10/1/2025 16:42,10/1/2025 16:49,Georgia- USA,Woman,NA,Yes,,35-44,NA,NA,NA,Yes,NA,NA,Employee (Corporate/Private),NA,Workload,NA,NA,NA,20–40 hours/week,NA,No,NA,NA,With family,NA,Expectations;Conflicts;Responsibilities;Support,NA,NA,Afternoon;Evening;Morning,Several hours,Family;Hormones,Withdraw;Frustration,Friends;Family,Very comfortable,Listen silently,"Friends, and now family. ",Often,Getting out of the environment that creates emotional stress ,Yes,Friends and family ,NA
120,10/1/2025 17:29,10/1/2025 17:31,IA- USA,Man,Yes,NA,,35-44,NA,NA,NA,Yes,NA,NA,Employee (Corporate/Private),NA,Workload,NA,NA,NA,20–40 hours/week,NA,Yes,NA,NA,With family,NA,Conflicts,NA,NA,Evening,Minutes,Family,Withdraw,Family,Somewhat comfortable,Listen silently,Family,Occasionally,Counseling,No,NA,NA
121,10/1/2025 17:29,10/1/2025 17:32,Singapore,Woman,NA,Yes,,35-44,NA,NA,NA,Yes,NA,NA,Professor/Teacher,NA,NA,Yes,NA,NA,20–40 hours/week,NA,Yes,NA,NA,With family,NA,Expectations;Conflicts,NA,NA,Evening;Late night,1–2 hours,Work;Hormones,Eat/Not Eat;Distract,No one,Neither comfortable nor uncomfortable,Listen silently,Friends,Often,Flexible schedule,No,NA,Nothing
122,10/1/2025 18:13,10/1/2025 18:21,Texas,Woman,NA,Yes,,18-24,NA,Sometimes,NA,NA,NA,NA,Student,Exams;Assignments,NA,NA,NA,NA,Less than 20 hours/week,No,NA,NA,NA,With roommates/peers,NA,NA,Yes,NA,Morning,1–2 hours,Studies;Social Media,Argue;Distract;Eat/Not Eat,Family,Neither comfortable nor uncomfortable,Listen silently,Family,Occasionally,Peer groups,No,NA,NA
123,10/1/2025 20:02,10/1/2025 20:07,Texas,Woman,NA,Yes,,18-24,NA,Often,NA,NA,NA,NA,Student,Exams;Assignments,NA,NA,NA,NA,Less than 20 hours/week,Sometimes,NA,NA,NA,With roommates/peers,NA,NA,Yes,NA,Late night,1–2 hours,Studies;Social Media;Hormones,Cry;Frustration,Friends,Somewhat comfortable,Offer support,Family,Occasionally,Flexible schedule,No,NA,I sometimes feel anxious about the success of my peers. International students sometimes feel lonely and lack a sense of belonging.
124,10/1/2025 20:44,10/1/2025 20:46,United States,Man,No,NA,,18-24,NA,Sometimes,NA,NA,NA,NA,Student,Peer pressure,NA,NA,NA,NA,20–40 hours/week,NA,No,NA,NA,With roommates/peers,NA,NA,No,NA,Late night,Several hours,Work;Studies;Social Media,Frustration,Friends,Somewhat uncomfortable,Listen silently,Friends,Occasionally,Workshops,No,NA,NA
125,10/1/2025 21:53,10/1/2025 21:56,India,Woman,NA,Yes,,25-34,NA,NA,Career growth;Relationships;Finances,NA,NA,NA,Employee (Corporate/Private),NA,Colleague relations;Manager expectations,NA,NA,NA,More than 60 hours/week,NA,NA,NA,Mood swings,Alone,Neutral,NA,NA,NA,Evening;Late night,Several hours,Work;Family;Health;Social Media,Distract;Cry,Friends,Somewhat comfortable,Listen silently,Friends,Occasionally,Apps,No,NA,Family commitments 
126,10/1/2025 23:27,10/1/2025 23:29,Telagana,Woman,NA,Yes,,25-34,NA,NA,Career growth;Relationships;Finances,NA,NA,NA,Employee (Corporate/Private),NA,Manager expectations,NA,NA,NA,20–40 hours/week,NA,Yes,NA,NA,With family,NA,Conflicts,NA,NA,Late night;Evening,Minutes,Work;Family;Hormones,Argue;Cry;Frustration,Friends,Very comfortable,Offer support;Listen silently,Friends,Often,Apps,Yes,Medication,NA
127,10/2/2025 0:32,10/2/2025 0:36,Tamilnadu- India,Woman,NA,Yes,,18-24,NA,Sometimes,NA,NA,NA,NA,Employee (Corporate/Private),NA,Manager expectations;Workload,NA,NA,NA,41–60 hours/week,NA,NA,Stress;Irritability,NA,With family,NA,Responsibilities;Conflicts,NA,NA,Afternoon;Evening,1–2 hours,Work;Hormones,Cry;Frustration,Family,Somewhat comfortable,Listen silently;Offer support,Friends,Occasionally,Peer groups,No,NA,NA
128,10/2/2025 2:06,10/2/2025 2:07,Roshini,Woman,NA,Yes,,25-34,NA,NA,Work deadlines;Career growth;Relationships;Finances,NA,NA,NA,Employee (Corporate/Private),NA,Manager expectations,NA,NA,NA,Less than 20 hours/week,No,NA,NA,NA,With family,NA,Conflicts,NA,NA,Late night,1–2 hours,Work,Over think,Friends,Somewhat comfortable,Listen silently,Friends,Often,Peer groups,Yes,Friends,NA
129,10/2/2025 2:23,10/2/2025 2:27,Texas,Man,Yes,NA,,25-34,NA,NA,Career growth;Work deadlines,NA,NA,NA,Student,Assignments;Exams,NA,NA,NA,NA,Less than 20 hours/week,Yes,NA,NA,NA,With family,NA,Responsibilities;Support;Expectations,NA,NA,Morning,Several hours,Work;Family;Health;Social Media,Withdraw;Distract;Frustration,Family;Friends;Colleagues,Somewhat comfortable,Listen silently;Change subject,Family,Occasionally,Counseling,Maybe,NA,Make life better past can't be created make present happy
130,10/2/2025 7:15,10/2/2025 7:19,Georgia- USA,Man,Yes,NA,,35-44,NA,NA,NA,Yes,NA,NA,Employee (Corporate/Private),NA,Deadlines;Manager expectations;Workload,NA,NA,NA,20–40 hours/week,NA,No,NA,NA,With family,NA,Responsibilities;Conflicts;Support;Expectations,NA,NA,Evening,1–2 hours,Family;Work,Cry;Frustration,Family,Very comfortable,Avoid,No one,Rarely,Counseling,Yes,Friends,NA
131,10/2/2025 10:13,10/2/2025 10:15,Tamilnadu- India,Man,Sometimes,NA,,25-34,NA,NA,Work deadlines;Career growth,NA,NA,NA,Employee (Corporate/Private),NA,Colleague relations;Manager expectations;Deadlines,NA,NA,NA,20–40 hours/week,NA,Yes,NA,NA,With family,NA,Responsibilities;Conflicts,NA,NA,Evening,1–2 hours,Social Media;Work,Withdraw,Family,Very comfortable,Listen silently,No one,Occasionally,Workshops,Yes,Spiritual guidance,No
132,10/2/2025 10:53,10/2/2025 10:56,Iowa,Woman,NA,Yes,,35-44,NA,NA,NA,Sometimes,NA,NA,Professor/Teacher,NA,NA,Yes,NA,NA,20–40 hours/week,NA,Yes,NA,NA,With family,NA,Expectations,NA,NA,Morning;Evening,Several hours,Hormones;Health;Work,Distract;Eat/Not Eat,No one,Somewhat uncomfortable,Listen silently,No one,Occasionally,Workshops,No,NA,Hormonal changes 
133,10/2/2025 21:19,10/2/2025 21:24,Tamil Nadu India,Woman,NA,Yes,,55 and above,NA,NA,NA,NA,NA,No change,Unemployed,NA,NA,NA,NA,Social isolation,Less than 20 hours/week,Yes,NA,NA,NA,With family,NA,Conflicts,NA,NA,Late night,Minutes,Social Media,Withdraw,No one,Neither comfortable nor uncomfortable,Avoid,Family,Not at all,Flexible schedule,No,NA,I don’t have any other emotional stress 
134,10/3/2025 0:39,10/3/2025 0:47,????????? ???????,Man,Yes,NA,,55 and above,NA,NA,NA,NA,NA,No change,Entrepreneur/Freelancer,NA,NA,NA,Client expectations,NA,More than 60 hours/week,NA,NA,NA,Sleep problems,With family,NA,Responsibilities,NA,NA,Late night,1–2 hours,Work,Distract,Family,Somewhat comfortable,Offer support,Family,Not at all,Peer groups,No,NA,??????? ????? 
135,10/3/2025 1:26,10/3/2025 1:35,Tamil  Nadu-  India,Woman,NA,Yes,,55 and above,NA,NA,NA,NA,NA,Harder,Unemployed,NA,NA,NA,NA,Finances,41–60 hours/week,NA,NA,Stress,NA,With family,NA,Responsibilities,NA,NA,Late night,1–2 hours,Health,Distract,Family,Very comfortable,Listen silently,Family,Often,Flexible schedule,Yes,Family,Emotions  due  to  health 
136,10/3/2025 1:36,10/3/2025 1:45,Dindigul- Tamil Nadu- India,Man,Yes,NA,,55 and above,NA,NA,NA,NA,NA,Harder,Retired ,NA,NA,NA,NA,NA,41–60 hours/week,NA,NA,Stress,NA,With family,NA,Responsibilities,NA,NA,Late night,1–2 hours,Health,Withdraw,Family,Very comfortable,Listen silently,Family,Often,Flexible schedule,Yes,Spiritual guidance,At times of emotions I spent time with my Lord Jesus 
137,10/3/2025 3:04,10/3/2025 3:07,Tamil Nadu- India,Man,Yes,NA,,45-54,NA,NA,NA,NA,Work stress,NA,Employee (Corporate/Private),NA,Deadlines,NA,NA,NA,Less than 20 hours/week,No,NA,NA,NA,With family,NA,Nil,NA,NA,Evening,Minutes,Work,Exercise,Family,Very comfortable,Listen silently,Family,Occasionally,Counseling,No,NA,NA
138,10/3/2025 4:07,10/3/2025 4:11,Tamilnadu,Man,Yes,NA,,55 and above,NA,NA,NA,NA,NA,No change,Retired officer,NA,NA,NA,NA,NA,Less than 20 hours/week,Sometimes,NA,NA,NA,With family,NA,Responsibilities,NA,NA,Afternoon,Minutes,Social Media,Withdraw,No one,Very comfortable,Listen silently,Family,Not at all,Peer groups,No,NA,NA
139,10/3/2025 4:07,10/3/2025 4:17,India.Tamil Nadu.,Man,Yes,NA,,55 and above,NA,NA,NA,NA,NA,Harder,Lawyer,NA,NA,NA,NA,NA,20–40 hours/week,NA,Sometimes,NA,NA,With family,NA,Responsibilities,NA,NA,Late night,Several hours,Family,Frustration,No one,Very comfortable,Listen silently,Friends,Rarely,Flexible schedule,Maybe,NA,Family membersr behaviour
140,10/3/2025 5:14,10/3/2025 5:17,Tamilnadu-India,Man,Yes,NA,,55 and above,NA,NA,NA,NA,NA,Harder,Retired,NA,NA,NA,NA,NA,Less than 20 hours/week,Yes,NA,NA,NA,With family,NA,Expectations,NA,NA,Evening;Late night,1–2 hours,Social Media;Hormones,Distract,Family,Somewhat comfortable,Offer support,Family,Rarely,Counseling,Yes,Family,NA
141,10/3/2025 5:47,10/3/2025 5:58,Tamil Nadu India,Woman,NA,Yes,,55 and above,NA,NA,NA,NA,NA,Easier,Professor/Teacher,NA,NA,Yes,NA,NA,20–40 hours/week,NA,Yes,NA,NA,With family,NA,Responsibilities,NA,NA,Late night;Morning,1–2 hours,Work,Withdraw,Professionals,Neither comfortable nor uncomfortable,Listen silently,Family,Rarely,Flexible schedule,Yes,Spiritual guidance,Social service
142,10/3/2025 6:08,10/3/2025 6:10,India,Woman,NA,Yes,,55 and above,NA,NA,NA,NA,NA,Easier,Unemployed,NA,NA,NA,NA,Social isolation,More than 60 hours/week,NA,NA,NA,Mood swings,With family,NA,Responsibilities,NA,NA,Late night,Several hours,Hormones,Withdraw,Family,Very comfortable,Offer support,Family,Often,Counseling,Maybe,NA,NA
143,10/3/2025 6:53,10/3/2025 6:58,Tamil Nadu- India,Man,Yes,NA,,35-44,NA,NA,NA,Yes,NA,NA,Employee (Corporate/Private),NA,Colleague relations,NA,NA,NA,20–40 hours/week,NA,Yes,NA,NA,With family,NA,Responsibilities;Support;Expectations,NA,NA,Evening,Several hours,Family;Health;Social Media;Work,Frustration,Family;Friends,Somewhat comfortable,Listen silently,Family,Occasionally,Flexible schedule,Maybe,NA,NA
144,10/3/2025 7:21,10/3/2025 7:25,Massachusetts- USA,Man,Sometimes,NA,,25-34,NA,NA,Work deadlines;Career growth;Relationships;Finances,NA,NA,NA,Student,Exams;Assignments,NA,NA,NA,NA,20–40 hours/week,NA,Yes,NA,NA,With roommates/peers,NA,NA,Yes,NA,Morning;Late night,1–2 hours,Work;Studies;Family,Distract;Argue;Withdraw,Friends,Somewhat comfortable,Listen silently;Offer support,Family,Often,Peer groups,No,NA,NA
145,10/3/2025 8:10,10/3/2025 8:20,Tamilnadu India,Man,Sometimes,NA,,45-54,NA,NA,NA,NA,Work stress,NA,Entrepreneur/Freelancer,NA,NA,NA,Financial uncertainty,NA,20–40 hours/week,NA,Yes,NA,NA,With family,NA,Support,NA,NA,Morning,1–2 hours,Work,Argue,Friends,Neither comfortable nor uncomfortable,Listen silently,Colleagues,Often,Peer groups,No,NA,NA
146,10/3/2025 9:41,10/3/2025 9:47,Bangalore- Karnataka,Woman,NA,Yes,,25-34,NA,NA,Relationships;Work deadlines,NA,NA,NA,Employee (Corporate/Private),NA,Workload,NA,NA,NA,Less than 20 hours/week,Sometimes,NA,NA,NA,With family,NA,Expectations,NA,NA,Evening,1–2 hours,Family;Social Media,Cry;Argue,Friends,Somewhat comfortable,Offer support,Friends,Occasionally,Flexible schedule,Yes,Friends,Friends
147,10/3/2025 10:16,10/3/2025 10:21,Karamadai,Man,Yes,NA,,35-44,NA,NA,NA,Yes,NA,NA,Employee (Corporate/Private),NA,Manager expectations,NA,NA,NA,41–60 hours/week,NA,NA,Stress,NA,With family,NA,Responsibilities,NA,NA,Late night,1–2 hours,Health,Withdraw,Friends,Very uncomfortable,Listen silently,Friends,Rarely,Apps,Maybe,NA,NA
148,10/3/2025 10:19,10/3/2025 10:22,Gurgaon-India,Man,No,NA,,25-34,NA,NA,Career growth;Finances,NA,NA,NA,Employee (Corporate/Private),NA,Workload,NA,NA,NA,41–60 hours/week,NA,NA,Burnout,NA,With family,NA,Support,NA,NA,Evening,Several hours,Work,Exercise,Professionals,Neither comfortable nor uncomfortable,Listen silently,Family,Not at all,Flexible schedule,No,NA,NA
149,10/3/2025 10:26,10/3/2025 10:31,TN-India,Woman,NA,Yes,,45-54,NA,NA,NA,NA,Family stress,NA,Employee (Corporate/Private),NA,Colleague relations,NA,NA,NA,41–60 hours/week,NA,NA,Irritability;Stress;Fatigue,NA,With family,NA,Responsibilities;Conflicts;Expectations;Support,NA,NA,Late night,Several hours,Work;Family;Health,Argue;Cry;Frustration,Family,Somewhat comfortable,Offer support,Family,Rarely,Counseling,No,NA,NA
150,10/3/2025 10:52,10/3/2025 10:55,Tamilnadu- India,Man,Sometimes,NA,,35-44,NA,NA,NA,No,NA,NA,Employee (Corporate/Private),NA,Manager expectations;Workload,NA,NA,NA,Less than 20 hours/week,No,NA,NA,NA,With family,NA,Support;Responsibilities,NA,NA,Late night,1–2 hours,Family;Work,Frustration;Distract,Family;Professionals,Very comfortable,Change subject;Avoid;Listen silently,Family,Occasionally,Flexible schedule,No,NA,NA
151,10/3/2025 11:00,10/3/2025 11:05,UP -India,Woman,NA,Yes,,25-34,NA,NA,Career growth;Finances;Work deadlines;Relationships,NA,NA,NA,Employee (Corporate/Private),NA,Workload,NA,NA,NA,More than 60 hours/week,NA,NA,NA,Mood swings,With family,NA,Responsibilities;Conflicts;Support;Expectations,NA,NA,Evening;Late night;Afternoon;Morning,A full day or more,Family;Studies;Health;Hormones;Work;Social Media,Argue;Withdraw;Distract;Cry;Eat/Not Eat;Exercise;Frustration,No one,Somewhat uncomfortable,Offer support;Listen silently,Friends,Not at all,Counseling,No,NA,NA
152,10/3/2025 11:10,10/3/2025 11:13,India,Man,Yes,NA,,25-34,NA,NA,Finances,NA,NA,NA,Employee (Corporate/Private),NA,Deadlines,NA,NA,NA,41–60 hours/week,NA,NA,Fatigue,NA,With family,NA,Responsibilities,NA,NA,Late night,Several hours,Work;Hormones,Overthink,No one,Very comfortable,Listen silently,Friends,Occasionally,Counseling,Yes,Friends,NA
153,10/3/2025 11:17,10/3/2025 11:23,Coimbatore,Man,Sometimes,NA,,55 and above,NA,NA,NA,NA,NA,Harder,Employee (Corporate/Private),NA,Workload,NA,NA,NA,41–60 hours/week,NA,NA,Stress,NA,With family,NA,Responsibilities,NA,NA,Afternoon,1–2 hours,Family,Argue,Friends,Somewhat comfortable,Listen silently,Friends,Occasionally,Apps,Yes,Family,No
154,10/3/2025 11:27,10/3/2025 11:37,Coimbatore,Woman,NA,Yes,,35-44,NA,NA,NA,Yes,NA,NA,Employee (Corporate/Private),NA,Workload,NA,NA,NA,20–40 hours/week,NA,Yes,NA,NA,With family,NA,Expectations,NA,NA,Late night,1–2 hours,Family;Work,Argue,Family,Somewhat uncomfortable,Listen silently,No one,Rarely,Counseling,Yes,Counseling,NA
155,10/3/2025 11:50,10/3/2025 11:59,Haryana,Man,Sometimes,NA,,25-34,NA,NA,Relationships;Finances,NA,NA,NA,Employee (Corporate/Private),NA,Manager expectations;Workload,NA,NA,NA,Less than 20 hours/week,No,NA,NA,NA,With family,NA,Conflicts;Expectations,NA,NA,Morning;Late night,1–2 hours,Work;Studies;Health,Frustration;Withdraw;Argue,Family,Neither comfortable nor uncomfortable,Listen silently;Offer support,Friends,Rarely,Counseling,Yes,Family,NA
156,10/3/2025 11:59,10/3/2025 12:03,Delhi- India,Man,Yes,NA,,25-34,NA,NA,Work deadlines;Relationships;Finances,NA,NA,NA,Employee (Corporate/Private),NA,Manager expectations;Workload,NA,NA,NA,41–60 hours/week,NA,NA,Stress;Burnout,NA,With family,NA,Conflicts;Responsibilities,NA,NA,Late night;Afternoon;Evening;Morning,1–2 hours,Family;Social Media;Work,Distract;Frustration,No one,Neither comfortable nor uncomfortable,Listen silently;Offer support,Family,Rarely,Counseling,No,NA,NA
157,10/3/2025 12:14,10/3/2025 12:20,Tamilnadu- India,Man,Sometimes,NA,,25-34,NA,NA,Finances,NA,NA,NA,Employee (Corporate/Private),NA,Colleague relations,NA,NA,NA,20–40 hours/week,NA,Sometimes,NA,NA,Alone,Neutral,NA,NA,NA,Late night,1–2 hours,Hormones,Distract,No one,Neither comfortable nor uncomfortable,Offer support,No one,Rarely,Flexible schedule,Maybe,NA,NA
158,10/3/2025 16:31,10/3/2025 16:49,Bihar- India,Man,Sometimes,NA,,25-34,NA,NA,Finances;Relationships;Career growth,NA,NA,NA,Employee (Corporate/Private),NA,Manager expectations;Colleague relations,NA,NA,NA,41–60 hours/week,NA,NA,Irritability;Stress,NA,With family,NA,Responsibilities;Expectations;Support;Conflicts,NA,NA,Late night,Several hours,Work;Studies;Social Media;Family,Frustration;Eat/Not Eat;Exercise;Argue,Friends;Colleagues,Somewhat comfortable,Offer support;Listen silently,Family,Occasionally,Peer groups,Maybe,NA,Family expiration and carrier growth 
159,10/3/2025 16:56,10/3/2025 16:58,Veracruz- Mexico,Man,No,NA,,25-34,NA,NA,Relationships;Finances,NA,NA,NA,Employee (Corporate/Private),NA,Deadlines;Workload,NA,NA,NA,41–60 hours/week,NA,NA,Fatigue;Irritability;Stress,NA,With roommates/peers,NA,NA,Sometimes,NA,Morning,1–2 hours,Work,Withdraw;Frustration,Friends,Somewhat comfortable,Offer support;Listen silently,Friends,Often,Counseling,Yes,Counseling,NA
160,10/3/2025 22:37,10/3/2025 22:43,Tamilnadu-india,Woman,NA,Yes,,35-44,NA,NA,NA,Yes,NA,NA,Employee (Corporate/Private),NA,Workload,NA,NA,NA,More than 60 hours/week,NA,NA,NA,Loss of motivation,With family,NA,Support,NA,NA,Evening,1–2 hours,Work,Argue,No one,Very comfortable,Offer support,Family,Often,Flexible schedule,No,NA,NA
161,10/4/2025 1:44,10/4/2025 1:47,India,Man,No,NA,,35-44,NA,NA,NA,Yes,NA,NA,Employee (Corporate/Private),NA,Deadlines;Manager expectations;Workload;Colleague relations,NA,NA,NA,41–60 hours/week,NA,NA,Stress;Irritability,NA,With family,NA,Expectations,NA,NA,Late night;Evening,Several hours,Work,Eat/Not Eat,Family,Very comfortable,Offer support;Listen silently,Family,Often,Counseling,No,NA,NA
162,10/4/2025 2:10,10/4/2025 2:15,Madhya Pradesh- India,Man,Sometimes,NA,,25-34,NA,NA,Work deadlines;Career growth;Finances,NA,NA,NA,Employee (Corporate/Private),NA,Manager expectations;Workload,NA,NA,NA,41–60 hours/week,NA,NA,Fatigue;Stress;Burnout,NA,With family,NA,Responsibilities;Conflicts;Expectations,NA,NA,Morning;Evening;Late night,Several hours,Work;Health,Withdraw;Argue;Eat/Not Eat;Frustration,Family,Neither comfortable nor uncomfortable,Offer support,Friends,Occasionally,Not sure,Yes,Family,NA
163,10/4/2025 6:43,10/4/2025 6:46,Us,Man,Sometimes,NA,,25-34,NA,NA,Finances;Career growth,NA,NA,NA,Entrepreneur/Freelancer,NA,NA,NA,Isolation,NA,Less than 20 hours/week,Yes,NA,NA,NA,Alone,Positive,NA,NA,NA,Morning,Minutes,Work,Withdraw,Family,Very comfortable,Offer support,Friends,Often,Counseling,Yes,Counseling,NA
164,10/4/2025 7:14,10/4/2025 7:19,Thadagam,Man,Yes,NA,,55 and above,NA,NA,NA,NA,NA,Easier,Employee (Corporate/Private),NA,Manager expectations,NA,NA,NA,Less than 20 hours/week,Sometimes,NA,NA,NA,With family,NA,Conflicts,NA,NA,Late night,Minutes,Social Media,Exercise,Friends,Somewhat comfortable,Offer support,Family,Occasionally,Counseling,Maybe,NA,NA
165,10/4/2025 10:30,10/4/2025 10:35,Tamil Nadu- India,Woman,NA,Not Sure,,25-34,NA,NA,Relationships;Finances;Work deadlines,NA,NA,NA,Student,Time management;Exams,NA,NA,NA,NA,Less than 20 hours/week,Sometimes,NA,NA,NA,With family,NA,Conflicts;Expectations,NA,NA,Late night;Morning,Several hours,Family;Social Media,Cry;Argue;Withdraw;Exercise,Friends;Family,Somewhat comfortable,Offer support;Listen silently,Friends,Occasionally,Peer groups,Yes,Friends,NA
166,10/4/2025 11:24,10/4/2025 11:28,Texas- United States,Man,Yes,NA,,25-34,NA,NA,Career growth;Relationships;Work deadlines,NA,NA,NA,Student,Assignments;Peer pressure;Time management;Exams,NA,NA,NA,NA,Less than 20 hours/week,Sometimes,NA,NA,NA,With roommates/peers,NA,NA,Sometimes,NA,Late night;Evening,Several hours,Studies;Work;Social Media,Cry;Frustration;Argue,Family;Friends,Somewhat comfortable,Listen silently,Family,Occasionally,Workshops,No,NA,NA
167,10/4/2025 13:09,10/4/2025 13:15,Tamil Nadu- Coimbatore,Man,Sometimes,NA,,25-34,NA,NA,Career growth,NA,NA,NA,Employee (Corporate/Private),NA,Colleague relations,NA,NA,NA,Less than 20 hours/week,Sometimes,NA,NA,NA,With family,NA,Responsibilities,NA,NA,Morning,Minutes,Work;Family;Social Media,Withdraw;Argue,No one,Somewhat comfortable,Avoid;Listen silently,No one,Rarely,Flexible schedule,Maybe,NA,Sometimes when I am alone 
168,10/4/2025 21:24,10/4/2025 21:26,UP- India,Man,No,NA,,18-24,NA,Often,NA,NA,NA,NA,Employee (Corporate/Private),NA,Deadlines;Manager expectations;Colleague relations;Workload,NA,NA,NA,41–60 hours/week,NA,NA,Stress;Fatigue,NA,With family,NA,Conflicts,NA,NA,Afternoon;Evening,Several hours,Family;Health;Social Media;Hormones,Distract,Friends,Somewhat comfortable,Listen silently;Offer support,Friends,Occasionally,Counseling,Yes,Counseling,NA
169,10/5/2025 0:16,10/5/2025 0:18,Coimbatore,Man,Yes,NA,,55 and above,NA,NA,NA,NA,NA,Easier,Retired,NA,NA,NA,NA,NA,20–40 hours/week,NA,No,NA,NA,With family,NA,Responsibilities;Conflicts;Support,NA,NA,Late night;Evening,Several hours,Work;Family,Argue;Distract,Friends;Family,Somewhat comfortable,Listen silently;Offer support,Friends,Often,Counseling,No,NA,NA
170,10/5/2025 0:15,10/5/2025 0:21,Tamilnadu India,Man,Sometimes,NA,,55 and above,NA,NA,NA,NA,NA,Easier,Consulting engineer for water management for plants,NA,NA,NA,NA,NA,Less than 20 hours/week,Yes,NA,NA,NA,With family,NA,Conflicts,NA,NA,Evening,Minutes,Social Media,Withdraw,No one,Very comfortable,Listen silently,Family,Not at all,Flexible schedule,No,NA,NA
171,10/6/2025 1:47,10/6/2025 1:50,Usa,Man,Yes,NA,,18-24,NA,Rarely,NA,NA,NA,NA,Student,Peer pressure,NA,NA,NA,NA,20–40 hours/week,NA,Sometimes,NA,NA,Alone,Negative,NA,NA,NA,Late night,Several hours,Hormones;Family;Love life,Exercise;Distract,Friends,Neither comfortable nor uncomfortable,Listen silently;Offer support,Friends,Occasionally,Peer groups,Maybe,NA,NA
172,10/6/2025 1:49,10/6/2025 2:07,Maharashtra,Man,No,NA,,25-34,NA,NA,Finances;Work deadlines;Career growth;Relationships,NA,NA,NA,Employee (Corporate/Private),NA,Workload,NA,NA,NA,Less than 20 hours/week,Yes,NA,NA,NA,With roommates/peers,NA,NA,Yes,NA,Morning;Evening,Several hours,Family;Health;Social Media;Work,Exercise,Friends;Family,Very comfortable,Change subject,Friends,Occasionally,Flexible schedule,Yes,Friends,Other than all are good 
173,10/6/2025 2:19,10/6/2025 2:24,Tamil Nadu- India,Man,Sometimes,NA,,25-34,NA,NA,Relationships;Work deadlines,NA,NA,NA,Employee (Corporate/Private),NA,Deadlines,NA,NA,NA,41–60 hours/week,NA,NA,Fatigue;Burnout,NA,With family,NA,Expectations;Conflicts;Support,NA,NA,Afternoon,Several hours,Work;Studies;Social Media,Distract;Exercise,Friends;Family,Somewhat comfortable,Listen silently,Spouse,Occasionally,Counseling,Yes,Friends,NA
174,10/6/2025 3:22,10/6/2025 3:24,Karnataka- India,Woman,NA,Yes,,25-34,NA,NA,Relationships;Career growth,NA,NA,NA,Professor/Teacher,NA,NA,Yes,NA,NA,Less than 20 hours/week,Yes,NA,NA,NA,With roommates/peers,NA,NA,Yes,NA,Evening,1–2 hours,Family,Distract,Family,Very comfortable,Offer support,Family,Occasionally,Counseling,No,NA,NA
175,10/6/2025 4:49,10/6/2025 4:54,Rajasthan- India,Woman,NA,Not Sure,,35-44,NA,NA,NA,Yes,NA,NA,Employee (Corporate/Private),NA,Colleague relations,NA,NA,NA,20–40 hours/week,NA,No,NA,NA,With family,NA,Expectations,NA,NA,Afternoon,1–2 hours,Health;Family;Work,Eat/Not Eat;Distract,No one,Somewhat uncomfortable,Offer support,No one,Rarely,Flexible schedule,No,NA,NA
176,10/6/2025 12:54,10/6/2025 13:04,India- Tamilnadu,Man,Yes,NA,,25-34,NA,NA,Relationships;Society demands,NA,NA,NA,Employee (Corporate/Private),NA,Deadlines,NA,NA,NA,20–40 hours/week,NA,Yes,NA,NA,With roommates/peers,NA,NA,Sometimes,NA,Afternoon,1–2 hours,Work;Family,Withdraw;Cry,No one,Somewhat comfortable,Listen silently,Friends,Rarely,Flexible schedule,No,NA,Sometime I am too hard on myself
177,10/7/2025 0:45,10/7/2025 0:47,Delhi- India,Man,No,NA,,25-34,NA,NA,Finances,NA,NA,NA,Employee (Corporate/Private),NA,NA,NA,NA,NA,41–60 hours/week,NA,NA,Stress,NA,Alone,Positive,NA,NA,NA,Evening,Several hours,Finance ,Frustration,No one,Very uncomfortable,Listen silently;Offer support,No one,Rarely,Counseling,Yes,Counseling,NA
178,10/7/2025 2:00,10/7/2025 2:04,india,Man,No,NA,,25-34,NA,NA,Finances;Family issues,NA,NA,NA,Employee (Corporate/Private),NA,Deadlines,NA,NA,NA,Less than 20 hours/week,Sometimes,NA,NA,NA,With family,NA,Conflicts,NA,NA,Evening,1–2 hours,Family,Frustration,Friends,Somewhat uncomfortable,Offer support,Friends,Rarely,family,Maybe,NA,NA
179,10/7/2025 2:27,10/7/2025 2:30,Delhi- India,Man,No,NA,,25-34,NA,NA,Finances;Career growth,NA,NA,NA,Employee (Corporate/Private),NA,Uncertainity ,NA,NA,NA,41–60 hours/week,NA,NA,Irritability;Fatigue,NA,With family,NA,NA,NA,NA,Evening;Afternoon;Late night,Several hours,Work;Health;Social Media,Withdraw;Frustration,No one,Neither comfortable nor uncomfortable,Other;Listen silently,No one,Not at all,NA,No,NA,NA
180,10/7/2025 0:16,10/7/2025 3:24,West Bengal- India,Man,Yes,NA,,35-44,NA,NA,NA,Yes,NA,NA,Employee (Corporate/Private),NA,"Due to my worktype, need to keep skills updated",NA,NA,NA,41–60 hours/week,NA,NA,Stress,NA,With family,NA,Responsibilities,NA,NA,Morning,1–2 hours,Work;Family;Studies;Health,Argue;Frustration;Eat/Not Eat,Family;Friends,Somewhat comfortable,Offer support;Change subject,Family,Occasionally,Counseling,No,NA,NA
181,10/7/2025 4:04,10/7/2025 4:08,UP india,Man,Yes,NA,,25-34,NA,NA,Finances,NA,NA,NA,Employee (Corporate/Private),NA,Workload,NA,NA,NA,41–60 hours/week,NA,NA,Stress;Burnout,NA,With family,NA,Support,NA,NA,Evening,A full day or more,Social Media;Work,Withdraw;Argue;Distract,Friends,Somewhat comfortable,Offer support;Listen silently;Change subject,Friends,Occasionally,Apps,No,NA,NA
182,10/7/2025 7:18,10/7/2025 7:30,Uttar Pradesh- India,Woman,NA,Yes,,35-44,NA,NA,NA,Yes,NA,NA,Employee (Corporate/Private),NA,Deadlines;Manager expectations,NA,NA,NA,41–60 hours/week,NA,NA,Fatigue;Stress,NA,With family,NA,Responsibilities;Expectations,NA,NA,Morning,1–2 hours,Family;Health;Work,Withdraw;Frustration,No one,Somewhat uncomfortable,Listen silently,Family,Rarely,Workshops,No,NA,NA
183,10/7/2025 7:26,10/7/2025 7:52,Tamil Nadu-India,Woman,NA,Yes,,35-44,NA,NA,NA,Yes,NA,NA,Homemaker ,NA,NA,NA,NA,NA,20–40 hours/week,NA,Yes,NA,NA,With family,NA,Responsibilities,NA,NA,Morning,A full day or more,Family,Distract,Family,Very comfortable,Offer support,No one,Occasionally,Counseling,Maybe,NA,NA
184,10/11/2025 9:36,10/11/2025 9:40,Texas- USA,Woman,NA,Yes,,18-24,NA,Often,NA,NA,NA,NA,Student,Time management,NA,NA,NA,NA,Less than 20 hours/week,Yes,NA,NA,NA,With roommates/peers,NA,NA,Yes,NA,Evening;Late night,1–2 hours,Work;Family,Eat/Not Eat;Argue;Cry,Friends;Family,Somewhat comfortable,Avoid;Change subject,No one,Rarely,Peer groups,No,NA,NA
185,10/14/2025 2:35,10/14/2025 2:40,Haryana,Man,Yes,NA,,18-24,NA,Often,NA,NA,NA,NA,Employee (Corporate/Private),NA,Colleague relations;Workload,NA,NA,NA,20–40 hours/week,NA,Yes,NA,NA,With family,NA,Expectations,NA,NA,Morning;Late night,1–2 hours,Family;Social Media,Frustration;Argue,Friends,Neither comfortable nor uncomfortable,Listen silently;Offer support,Friends,Rarely,Flexible schedule,No,NA,Nothing at the moment 
186,10/14/2025 9:54,10/14/2025 9:57,India,Woman,NA,Yes,,25-34,NA,NA,Career growth;Relationships;Finances;Work deadlines,NA,NA,NA,Employee (Corporate/Private),NA,Manager expectations;Colleague relations,NA,NA,NA,20–40 hours/week,NA,Yes,NA,NA,With family,NA,Conflicts;Expectations,NA,NA,Evening,1–2 hours,Work;Hormones,Cry;Distract;Frustration,Family,Neither comfortable nor uncomfortable,Listen silently,Family,Often,Peer groups,Yes,Family,Not stressed
187,10/14/2025 9:52,10/14/2025 9:58,Mumbai- India,Man,No,NA,,25-34,NA,NA,Relationships;Finances;Career growth,NA,NA,NA,Employee (Corporate/Private),NA,Less Workload makes me feel less wanted as if Company is not considering me fit enough for more responsibilities;Workload,NA,NA,NA,20–40 hours/week,NA,Yes,NA,NA,"Mixed, sometimes with family sometimes alone",NA,NA,NA,Financial stress;Social interactions,Late night,Minutes,Past;Family,Withdraw;Frustration;Eat/Not Eat,No one,Somewhat comfortable,Offer support,"I can't truly discuss what I feel, it's just on some rare occasions I open up and I am not shy to open up I can discuss but I don't really expect support in response. ",Occasionally,Not sure,No,NA,NA
188,10/14/2025 9:59,10/14/2025 10:04,West Bengal- India,Man,Sometimes,NA,,35-44,NA,NA,NA,Sometimes,NA,NA,Employee (Corporate/Private),NA,"Working on new challenges, not known",NA,NA,NA,41–60 hours/week,NA,NA,Stress,NA,With family,NA,Responsibilities,NA,NA,Morning;Evening,Several hours,Studies;Work;Family;Health,Argue;Withdraw;Exercise,Family;Friends,Somewhat comfortable,Offer support;Listen silently,Friends,Occasionally,Workshops,No,NA,NA
189,10/14/2025 14:01,10/14/2025 14:05,India,Woman,NA,Yes,,18-24,NA,Often,NA,NA,NA,NA,Employee (Corporate/Private),NA,"misunderstanding with family, friends.",NA,NA,NA,20–40 hours/week,NA,Sometimes,NA,NA,With family,NA,Conflicts;Expectations,NA,NA,Morning;Late night,Several hours,Work;Family;Health;Hormones,Argue;Distract;Cry;Eat/Not Eat;Frustration;Withdraw,Friends,Somewhat uncomfortable,Offer support;Listen silently,Friends,Occasionally,not sure,No,NA,NA
190,10/14/2025 14:19,10/14/2025 14:26,India,Man,Sometimes,NA,,25-34,NA,NA,Work deadlines,NA,NA,NA,Employee (Corporate/Private),NA,Deadlines;Workload,NA,NA,NA,41–60 hours/week,NA,NA,Stress,NA,With family,NA,Expectations,NA,NA,Morning,Minutes,Sleep not completed,Frustration,No one,Neither comfortable nor uncomfortable,Offer support;Listen silently,No one,Occasionally,Peer groups,No,NA,I don't have any other
191,10/14/2025 22:08,10/14/2025 22:10,Madhya Pradesh India,Man,No,NA,,25-34,NA,NA,Finances;Relationships,NA,NA,NA,Employee (Corporate/Private),NA,Colleague relations;Manager expectations,NA,NA,NA,41–60 hours/week,NA,NA,Stress;Burnout,NA,With family,NA,Conflicts,NA,NA,Late night,Several hours,Work;Family,Frustration,Friends,Somewhat uncomfortable,Listen silently;Change subject,Friends,Occasionally,Flexible schedule,No,NA,NA
192,10/15/2025 1:24,10/15/2025 1:28,Delhi- India,Man,Sometimes,NA,,35-44,NA,NA,NA,Yes,NA,NA,Employee (Corporate/Private),NA,Workload,NA,NA,NA,41–60 hours/week,NA,NA,Fatigue;Irritability,NA,With family,NA,Conflicts,NA,NA,Evening,A full day or more,Family,Eat/Not Eat,Family,Very uncomfortable,Listen silently,Family,Occasionally,Counseling,No,NA,NA
193,10/15/2025 3:13,10/15/2025 3:38,Himachal Pradesh- India,Man,Yes,NA,,25-34,NA,NA,Career growth;Finances,NA,NA,NA,Employee (Corporate/Private),NA,Compensation ,NA,NA,NA,41–60 hours/week,NA,NA,Burnout,NA,With family,NA,Responsibilities;Expectations,NA,NA,Evening,Minutes,Social Media;Health,Distract;Eat/Not Eat,No one,Neither comfortable nor uncomfortable,Listen silently,Friends,Occasionally,Flexible schedule,No,NA,NA
194,10/15/2025 9:42,10/15/2025 9:49,UP- IN,Man,No,NA,,18-24,NA,Sometimes,NA,NA,NA,NA,Employee (Corporate/Private),NA,Deadlines,NA,NA,NA,Less than 20 hours/week,Yes,NA,NA,NA,With roommates/peers,NA,NA,Sometimes,NA,Late night,Minutes,Health,Silent,No one,Very uncomfortable,Listen silently;Offer support,No one,Occasionally,Peer groups,No,NA,NA
195,10/16/2025 1:53,10/16/2025 1:56,Maharshtra - India,Man,No,NA,,25-34,NA,NA,Relationships;Finances,NA,NA,NA,Employee (Corporate/Private),NA,Workload,NA,NA,NA,20–40 hours/week,NA,Sometimes,NA,NA,With family,NA,Support;Responsibilities,NA,NA,Afternoon;Evening,Several hours,Studies;Family;Work;Hormones,Eat/Not Eat;Distract,Friends;Family,Somewhat comfortable,Offer support,Friends,Rarely,Flexible schedule,No,NA,NA
196,10/16/2025 8:00,10/16/2025 8:07,Rajasthan- India,Man,Sometimes,NA,,25-34,NA,NA,Family Issues,NA,NA,NA,Employee (Corporate/Private),NA,Manager expectations,NA,NA,NA,41–60 hours/week,NA,NA,Stress,NA,With family,NA,Conflicts,NA,NA,Evening,Minutes,Family,Distract,No one,Somewhat uncomfortable,Listen silently;Offer support,don't share,Not at all,Observe and react. Solo Travel also useful,No,NA,NA
197,10/16/2025 9:28,10/16/2025 9:32,Rajasthan- India,Woman,NA,Yes,,25-34,NA,NA,Relationships;Career growth,NA,NA,NA,Employee (Corporate/Private),NA,Colleague relations;Deadlines,NA,NA,NA,Less than 20 hours/week,Sometimes,NA,NA,NA,With family,NA,Conflicts,NA,NA,Late night,Several hours,Family;Hormones,Withdraw;Argue;Distract;Cry,Family,Neither comfortable nor uncomfortable,Offer support;Listen silently,Friends,Often,Peer groups,No,NA,Spouse relationship
198,10/16/2025 13:22,10/16/2025 13:24,Haryana- India,Man,Sometimes,NA,,18-24,NA,Rarely,NA,NA,NA,NA,Student,Peer pressure,NA,NA,NA,NA,Less than 20 hours/week,No,NA,NA,NA,With roommates/peers,NA,NA,Yes,NA,Late night;Evening;Morning;Afternoon,1–2 hours,Social Media;Studies,Withdraw;Cry;Eat/Not Eat,No one,Somewhat uncomfortable,Listen silently;Offer support,Friends,Rarely,Peer groups,Maybe,NA,LIFE 
199,10/16/2025 13:22,10/16/2025 13:25,haryana India,Man,No,NA,,18-24,NA,Sometimes,NA,NA,NA,NA,Student,Time management,NA,NA,NA,NA,Less than 20 hours/week,Yes,NA,NA,NA,With family,NA,Expectations,NA,NA,Late night,1–2 hours,Studies,Withdraw,No one,Neither comfortable nor uncomfortable,Offer support,Friends,Rarely,Flexible schedule,No,NA,NA
200,10/16/2025 13:22,10/16/2025 13:25,Haryana- india,Man,No,NA,,18-24,NA,Sometimes,NA,NA,NA,NA,Student,Time management,NA,NA,NA,NA,Less than 20 hours/week,Yes,NA,NA,NA,With family,NA,Responsibilities;Expectations,NA,NA,Afternoon;Late night,Several hours,Studies;Hormones,Cry;Frustration,No one,Neither comfortable nor uncomfortable,Offer support,No one,Not at all,Her,No,NA,"Career stress, overthinking "
201,10/16/2025 13:26,10/16/2025 13:28,India Chennai,Man,No,NA,,18-24,NA,Often,NA,NA,NA,NA,Student,Time management,NA,NA,NA,NA,Less than 20 hours/week,Yes,NA,NA,NA,With roommates/peers,NA,NA,Yes,NA,Late night,1–2 hours,Family;Studies;Hormones,Withdraw,No one,Very uncomfortable,Offer support;Listen silently,Never tried sharing ,Rarely,Don't know about it ,Maybe,NA,All good now 
202,10/16/2025 13:39,10/16/2025 13:43,Tamilnadu- India,Man,Yes,NA,,18-24,NA,Often,NA,NA,NA,NA,Student,Time management;Exams,NA,NA,NA,NA,Less than 20 hours/week,No,NA,NA,NA,With roommates/peers,NA,NA,No,NA,Late night,Several hours,Work;Social Media;Family,Distract,Friends,Somewhat uncomfortable,Listen silently,Family,Rarely,Flexible schedule,Yes,Friends,NA
203,10/16/2025 21:38,10/16/2025 21:45,Gurgaon,Woman,NA,Yes,,18-24,NA,Sometimes,NA,NA,NA,NA,Student,Exams;Assignments;Peer pressure;Time management,NA,NA,NA,NA,20–40 hours/week,NA,No,NA,NA,With family,NA,Conflicts;Expectations,NA,NA,Evening;Late night,A full day or more,Myself and career,Withdraw;Cry;Eat/Not Eat;Frustration,No one,Very uncomfortable,Listen silently;Offer support,No one,Not at all,Counseling,No,NA,"Choosing a particular field for my future is so difficult, when you don't know what exactly do you want be. Then always being the reason for disappointment because ""I'm not studying for anything"" even though I don't know where exactly to take the next step."
204,10/17/2025 0:10,10/17/2025 0:15,Punjab-India,Man,Sometimes,NA,,18-24,NA,Sometimes,NA,NA,NA,NA,Student,Peer pressure,NA,NA,NA,NA,Less than 20 hours/week,Yes,NA,NA,NA,With roommates/peers,NA,NA,Yes,NA,Late night,Several hours,Work;Studies;Health;Hormones,Frustration;Cry,Friends,Very comfortable,Listen silently;Offer support,Friends,Occasionally,Peer groups,Maybe,NA,NA
205,10/17/2025 1:54,10/17/2025 1:57,West bengal- India,Woman,NA,Yes,,18-24,NA,Often,NA,NA,NA,NA,Student,Time management;Exams,NA,NA,NA,NA,20–40 hours/week,NA,No,NA,NA,Alone,Neutral,NA,NA,NA,Evening;Late night;Afternoon,A full day or more,"Family;Friend, Situation",Cry;Eat/Not Eat;Frustration,Friends,Somewhat comfortable,Listen silently,Best friend,Occasionally,Counseling,Maybe,NA,Anxiety and stress attack
206,10/17/2025 2:00,10/17/2025 2:06,Haryana,Man,Sometimes,NA,,18-24,NA,Often,NA,NA,NA,NA,Student,Time management,NA,NA,NA,NA,Less than 20 hours/week,Yes,NA,NA,NA,Alone,Neutral,NA,NA,NA,Late night,1–2 hours,Social Media;Hormones;Health;Studies,Distract;Argue,Friends,Somewhat comfortable,Listen silently,Family,Occasionally,Workshops,Maybe,NA,NA
207,10/17/2025 7:33,10/17/2025 7:38,Haryana- India,Woman,NA,Yes,,18-24,NA,Rarely,NA,NA,NA,NA,Student,Exams;Peer pressure,NA,NA,NA,NA,20–40 hours/week,NA,Yes,NA,NA,With family,NA,Conflicts,NA,NA,Afternoon,Minutes,Work,Cry;Withdraw,Friends;Family,Somewhat comfortable,Offer support;Listen silently,Family,Rarely,Workshops,Maybe,NA,NA
208,10/17/2025 8:04,10/17/2025 8:09,Haryana-India,Man,No,NA,,18-24,NA,Rarely,NA,NA,NA,NA,Student,Time management;Exams,NA,NA,NA,NA,20–40 hours/week,NA,No,NA,NA,With family,NA,Loneliness or expections of me from myself.,NA,NA,Afternoon,Minutes,Work;Studies,Argue;Distract;Withdraw,No one,Very uncomfortable,Offer support,No one,Often,To figure out the situation to tackle the emotions by writing down on a paper and burning it or discussing and applying first principle on it.,Maybe,NA,Sometimes loneliness 
209,10/17/2025 8:15,10/17/2025 8:20,Haryana- India,Man,Sometimes,NA,,18-24,NA,Often,NA,NA,NA,NA,Student,Exams;Peer pressure,NA,NA,NA,NA,Less than 20 hours/week,Sometimes,NA,NA,NA,With family,NA,Expectations;Conflicts,NA,NA,Late night;Morning,1–2 hours,Social Media,Distract,Friends,Neither comfortable nor uncomfortable,Offer support;Listen silently,Friends,Rarely,Counseling,No,NA,NA
210,10/17/2025 13:02,10/17/2025 13:05,MP- india,Man,No,NA,,25-34,NA,NA,Work deadlines;Career growth;Relationships;Finances,NA,NA,NA,Employee (Corporate/Private),NA,Timing,NA,NA,NA,20–40 hours/week,NA,No,NA,NA,With family,NA,Responsibilities;Conflicts;Support;Expectations,NA,NA,Morning;Afternoon;Evening;Late night,1–2 hours,Work;Studies;Health;Family;Social Media;Hormones,Frustration;Eat/Not Eat,Professionals;Colleagues;Friends;Family,Somewhat uncomfortable,Offer support,No one,Rarely,Workshops,No,NA,NA
211,10/30/2025 9:00,10/30/2025 9:04,Tamilnadu- India,Woman,NA,Yes,,25-34,NA,NA,Relationships,NA,NA,NA,Employee (Corporate/Private),NA,Manager expectations;Colleague relations,NA,NA,NA,41–60 hours/week,NA,NA,Fatigue;Stress;Burnout,NA,With family,NA,Conflicts,NA,NA,Morning,1–2 hours,Work;Family,Frustration,Family;Colleagues,Somewhat comfortable,Offer support,Family,Occasionally,Peer groups,No,NA,"Office politics, extreme perfectionism killing the effort"
