Id,Start time,Completion time,Email,Name,Language,"From which location are you attending the survey? (State, Country)",Gender:,Do you think men feel comfortable discussing mood swings?,Do you notice mood changes linked to hormonal or biological cycles?,Do you feel mental health services are inclusive of diverse gender identities?,Age Group:,What are your main sources of stress?,How often do social media interactions influence your mood?,Which responsibilities affect your emotions the most?,Do family responsibilities contribute to your mood swings?,What affects your emotions more?,Do you feel aging has made emotional regulation easier or harder?,Occupation:,What academic challenges affect your mood the most?,Which workplace factors affect your emotions most?,Do student interactions influence your emotional well-being?,Which factors impact your moods most?,What influences your emotional state most?,Work/Study Schedule,Do you feel extra free time increases mood swings?,Do you feel this schedule helps balance your emotions?,What emotional effects do long hours cause?,Which of these burnout signs do you experience most?,Living Situation:,How does living alone affect your moods?,Which family dynamics affect your emotions most?,Do social conflicts or peer influence affect your moods?,Which aspects of your living situation affect your mental health?,When do you most often notice mood swings?,How long do they usually last?,What are the main triggers?,How do you usually react?,Who do you turn to during mood swings?,How comfortable are you sharing emotions?,"In social situations, how do you respond to others’ emotions?",Who understands your emotions best?,Is mental health openly discussed in your environment?,What support would be most useful to you?,Have you ever sought help?,"If yes, what kind of help?",Please feel free to mention any other emotional stress you have.
1,9/30/2025 15:06,9/30/2025 15:09,anonymous,,English (United States)?,Texas,Man,Sometimes,,,25-34,,,Finances;Relationships;Career growth;Work deadlines;,,,,Student,Exams;Time management;,,,,,20–40 hours/week,,No,,,With roommates/peers,,,No,,Late night;,1–2 hours,Family;,go silent;,No one;,Very uncomfortable,Listen silently;Offer support;,No one,Not at all,none,No,,none
2,9/30/2025 15:07,9/30/2025 15:12,anonymous,,English (United States)?,"Texas, United States",Woman,,Yes,,25-34,,,Career growth;Relationships;,,,,Unemployed,,,,,Job search stress;Family pressure;Finances;Long Distance Relationship;,20–40 hours/week,,Yes,,,With roommates/peers,,,Sometimes,,Morning;Afternoon;Evening;Late night;,Minutes,Work;Health;Hormones;,Cry;Frustration;Argue;,Friends;,Very comfortable,Offer support;Listen silently;,Boyfriend,Occasionally,Peer groups,Maybe,,
3,9/30/2025 15:13,9/30/2025 15:18,anonymous,,English (United States)?,"Texas, United States",Man,Sometimes,,,25-34,,,Relationships;Work deadlines;Career growth;,,,,Student,Exams;Assignments;Job Application and Immigration Problems;Time management;,,,,,More than 60 hours/week,,,,Loss of motivation,With roommates/peers,,,Sometimes,,Late night;Morning;,Several hours,Work;Studies;Social Media;Health;,Frustration;Argue;,Friends;Family;,Neither comfortable nor uncomfortable,Offer support;Listen silently;,Friends,Occasionally,Apps,Maybe,,NA
4,9/30/2025 15:33,9/30/2025 15:45,anonymous,,English (United States)?,United States,Woman,,Yes,,25-34,,,Depends on the Situation and People ;Career growth;Finances;,,,,Student,Time management;Assignments;,,,,,20–40 hours/week,,Sometimes,,,With roommates/peers,,,Sometimes,,Evening;Morning;,Minutes,"Based on the situation and people, sometimes it depends on my hormones whenever I'm on my Menstrual Period.;Hormones;","Earlier I was like calm whenever I feel bad or disturbed. But now like from a few months I stared doing walking/exercise to divert myself, this one I did a few years ago which worked me a lot and I'm applying this now again to balance my mood swings and emotions;Cry;",Family;Friends;,Neither comfortable nor uncomfortable,Offer support;Listen silently;,Family and my close friends to whom I can share ,Rarely,"Need some people who can listen or understand us, I believe that we don't need more people to listen us, our family members or a few friends or enough. I feels like I have enough right now to console me or understand me in my hard and low times. Sometimes they might be too busy at that time I feels like I need to take care of myself, so nothing needs for me now instead of my self Care and Self love.",Maybe,,"Obviously as a Human Being I have and I'll get sometimes but mostly 85% I can able to manage by myself, but remaining times I need some people or some things to divert or help me for making me better."
5,9/30/2025 15:57,9/30/2025 16:04,anonymous,,English (United States)?,"TX, USA",Man,Sometimes,,,25-34,,,Career growth;Work deadlines;Relationships;Finances;,,,,Student,Assignments;Peer pressure;,,,,,Less than 20 hours/week,Sometimes,,,,With roommates/peers,,,Sometimes,,Late night;,1–2 hours,Family;Work;Studies;Health;,Distract;Eat/Not Eat;Exercise;Cry;Withdraw;Argue;Frustration;,No one;,Neither comfortable nor uncomfortable,Offer support;,Family,Rarely,Flexible schedule,Yes,Friends,
6,9/30/2025 20:00,9/30/2025 20:04,anonymous,,English (United States)?,"California, USA",Man,Sometimes,,,18-24,,Often,,,,,Student,Time management;Assignments;,,,,,41–60 hours/week,,,Burnout;Stress;,,With family,,Responsibilities;Support;,,,Late night;Evening;,1–2 hours,Social Media;Work;Studies;,Exercise;Distract;,Family;,Neither comfortable nor uncomfortable,Offer support;Listen silently;,Family,Occasionally,Workshops,No,,
7,9/30/2025 21:07,9/30/2025 21:11,anonymous,,English (United States)?,"Karnataka, India ",Woman,,Yes,,45-54,,,,,Family and Health ,,Homemaker ,,,,,,20–40 hours/week,,Sometimes,,,With family,,Responsibilities;Support;Expectations;,,,Late night;,Minutes,Family;Health;Hormones;,Withdraw;Cry;,No one;,Neither comfortable nor uncomfortable,Offer support;Listen silently;,No one,Occasionally,Flexible schedule,No,,
8,9/30/2025 21:11,9/30/2025 21:12,anonymous,,English (United States)?,"Tx, usa",Man,Yes,,,Under 18,School;,,,,,,Student,Exams;,,,,,Less than 20 hours/week,Yes,,,,With family,,Expectations;,,,Afternoon;,1–2 hours,Studies;,Withdraw;Exercise;,Friends;,Neither comfortable nor uncomfortable,Change subject;,Colleagues,Not at all,Apps,No,,
9,9/30/2025 21:11,9/30/2025 21:13,anonymous,,English (United States)?,"Texas,USA",Man,No,,,18-24,,Often,,,,,Student,Exams;,,,,,Less than 20 hours/week,No,,,,With roommates/peers,,,Yes,,Late night;,1–2 hours,Social Media;,Frustration;,Colleagues;,Somewhat comfortable,Avoid;Change subject;,Family,Occasionally,Peer groups,No,,N/A
10,9/30/2025 21:10,9/30/2025 21:13,anonymous,,English (United States)?,"Texas, America ",Man,Yes,,,18-24,,Sometimes,,,,,Student,Exams;Assignments;,,,,,Less than 20 hours/week,Yes,,,,Alone,Neutral,,,,Late night;,Minutes,Work;Studies;Family;Health;Social Media;Hormones;,Withdraw;Argue;Distract;Frustration;Exercise;Eat/Not Eat;Cry;,Family;Friends;Colleagues;Professionals;,Very comfortable,Offer support;Listen silently;Change subject;Avoid;,No one,Not at all,Counseling,No,,
11,9/30/2025 21:12,9/30/2025 21:22,anonymous,,English (United States)?,"Texas, USA",Man,Sometimes,,,25-34,,,Relationships;,,,,Student,Time management;,,,,,Less than 20 hours/week,No,,,,With roommates/peers,,,No,,Morning;,Minutes,Work;,Frustration;,Family;,Very uncomfortable,Listen silently;,Family,Rarely,Counseling,Yes,Family,
12,9/30/2025 21:34,9/30/2025 21:37,anonymous,,English (United States)?,"Denton, Texas",Man,Yes,,,25-34,,,Finances;Relationships;Career growth;,,,,Employee (Corporate/Private),,Colleague relations;,,,,41–60 hours/week,,,Burnout;Fatigue;Stress;Irritability;,,With roommates/peers,,,Sometimes,,Late night;,1–2 hours,Family;Hormones;Social Media;,Exercise;Distract;Cry;,Friends;,Very comfortable,Offer support;,Friends,Often,Peer groups,Yes,Friends,NA
13,9/30/2025 21:35,9/30/2025 21:38,anonymous,,English (United States)?,Texas,Man,No,,,25-34,,,Career growth;,,,,Entrepreneur/Freelancer,,,,Financial uncertainty;,,20–40 hours/week,,Yes,,,With family,,Conflicts;,,,Late night;,Minutes,Work;,Distract;,No one;,Very uncomfortable,Offer support;,No one,Not at all,Peer groups,No,,
14,9/30/2025 21:38,9/30/2025 21:42,anonymous,,English (United States)?,"TX, USA",Woman,,Yes,,18-24,,Often,,,,,Unemployed,,,,,Job search stress;,Less than 20 hours/week,Sometimes,,,,With roommates/peers,,,Sometimes,,Late night;,1–2 hours,Work;Social Media;,Withdraw;Distract;,Friends;,Somewhat comfortable,Listen silently;,Friends,Occasionally,Peer groups,No,,
15,9/30/2025 21:44,9/30/2025 21:47,anonymous,,English (United States)?,Bangalore,Woman,,Yes,,18-24,,Sometimes,,,,,Student,Peer pressure;Time management;Assignments;Exams;,,,,,41–60 hours/week,,,Irritability;Stress;,,With roommates/peers,,,Yes,,Evening;Morning;Afternoon;,A full day or more,Work;Studies;Hormones;Family;,Distract;Withdraw;Eat/Not Eat;,Friends;,Very uncomfortable,Avoid;Listen silently;,Family,Occasionally,Flexible schedule,No,,
16,9/30/2025 21:46,9/30/2025 21:48,anonymous,,English (United States)?,US,Man,Yes,,,18-24,,Often,,,,,Student,Exams;Peer pressure;,,,,,Less than 20 hours/week,Yes,,,,With roommates/peers,,,No,,Late night;,Minutes,Social Media;Work;Family;Health;,Distract;Frustration;,No one;,Very uncomfortable,Change subject;,Friends,Not at all,Peer groups,No,,
17,9/30/2025 21:45,9/30/2025 21:52,anonymous,,English (United States)?,Texas,Man,Yes,,,18-24,,Always,,,,,Student,Exams;Assignments;,,,,,Less than 20 hours/week,Yes,,,,With roommates/peers,,,Yes,,Late night;,1–2 hours,Studies;,Frustration;,Friends;,Somewhat comfortable,Listen silently;,No one,Rarely,Apps,Maybe,,NA
18,9/30/2025 21:47,9/30/2025 21:53,anonymous,,English (United States)?,Texas ,Man,Yes,,,18-24,,Always,,,,,Student,Assignments;Exams;,,,,,20–40 hours/week,,Yes,,,With roommates/peers,,,No,,Late night;,1–2 hours,Hormones;,Argue;,Friends;Family;,Very comfortable,Listen silently;,Friends,Occasionally,Counseling,Maybe,,As per now nothing 
19,9/30/2025 21:51,9/30/2025 21:53,anonymous,,English (United States)?,Denton,Man,Yes,,,18-24,,Often,,,,,Student,Assignments;,,,,,Less than 20 hours/week,Sometimes,,,,With roommates/peers,,,Yes,,Late night;,1–2 hours,Family;Studies;Hormones;,Frustration;,Friends;,Somewhat comfortable,Offer support;,Friends,Occasionally,Peer groups,Yes,Friends,
20,9/30/2025 21:52,9/30/2025 21:57,anonymous,,English (United States)?,USA,Woman,,Yes,,25-34,,,Work deadlines;Finances;Relationships;Career growth;,,,,Student,Assignments;Peer pressure;Time management;,,,,,20–40 hours/week,,Sometimes,,,With roommates/peers,,,Yes,,Afternoon;Evening;Late night;,A full day or more,Studies;Work;Family;Health;Conversations about growth/development;,"Distract;Keep to self, suffer from anxiety;",No one;Friends;,Somewhat comfortable,Listen silently;Offer support;Avoid;,Friends,Occasionally,Peer groups,Yes,Friends,
21,9/30/2025 21:59,9/30/2025 22:02,anonymous,,English (United States)?,California ,Woman,,Yes,,25-34,,,Work deadlines;Career growth;Relationships;Finances;Family;,,,,Employee (Corporate/Private),,Deadlines;Manager expectations;Colleague relations;Workload;,,,,41–60 hours/week,,,Fatigue;Stress;Irritability;Burnout;,,With roommates/peers,,,Yes,,Morning;Afternoon;Evening;Late night;,A full day or more,Work;Family;Health;Social Media;Hormones;,Cry;Eat/Not Eat;Frustration;Argue;,Family;No one;,Very comfortable,Offer support;,Family,Often,Counseling,Yes,Family,
22,9/30/2025 22:03,9/30/2025 22:05,anonymous,,English (United States)?,"San jose, USA",Man,No,,,25-34,,,Work deadlines;Finances;Relationships;,,,,Employee (Corporate/Private),,Deadlines;Workload;,,,,41–60 hours/week,,,Fatigue;Stress;Burnout;Irritability;,,With roommates/peers,,,No,,Late night;,Minutes,Work;Family;,Sleep;,No one;,Very comfortable,Offer support;Listen silently;,Family,Often,Counseling,No,,
23,9/30/2025 22:07,9/30/2025 22:07,anonymous,,English (United States)?,"Texas, US",Man,No,,,25-34,,,Finances;Work deadlines;,,,,Student,Exams;Time management;,,,,,Less than 20 hours/week,No,,,,With roommates/peers,,,Yes,,Evening;,1–2 hours,Studies;Work;,Frustration;,Family;Friends;,Neither comfortable nor uncomfortable,Offer support;,Family,Often,.,Maybe,,.
24,9/30/2025 22:06,9/30/2025 22:09,anonymous,,English (United States)?,Texas,Man,No,,,18-24,,Often,,,,,Student,Time management;,,,,,Less than 20 hours/week,Sometimes,,,,With family,,Support;,,,Late night;,Several hours,Family;Work;Studies;,Frustration;,Friends;,Somewhat uncomfortable,Listen silently;,Friends,Not at all,Counseling,Maybe,,Thankyou 
25,9/30/2025 22:08,9/30/2025 22:11,anonymous,,English (United States)?,"Karnataka, India",Man,Sometimes,,,18-24,,Rarely,,,,,Student,Exams;Time management;,,,,,41–60 hours/week,,,Fatigue;Irritability;,,With family,,Conflicts;,,,Evening;,Minutes,Family;,Argue;Withdraw;,No one;,Somewhat comfortable,Offer support;,Friends,Occasionally,Peer groups,No,,
26,9/30/2025 22:10,9/30/2025 22:12,anonymous,,English (United States)?,India,Man,No,,,18-24,,Always,,,,,Employee (Corporate/Private),,Manager expectations;,,,,20–40 hours/week,,No,,,Alone,Positive,,,,Evening;,Several hours,Work;Family;Hormones;,Withdraw;Distract;,Family;,Somewhat uncomfortable,Listen silently;,Friends,Often,Counseling,Yes,Counseling,Lover
27,9/30/2025 22:12,9/30/2025 22:15,anonymous,,English (United States)?,"California, USA",Man,Sometimes,,,25-34,,,Finances;Career growth;Relationships;,,,,Employee (Corporate/Private),,Manager expectations;,,,,41–60 hours/week,,,Fatigue;,,With family,,Conflicts;,,,Late night;,Minutes,Social Media;,Exercise;,Family;,Very comfortable,Listen silently;,Family,Occasionally,Counseling,Maybe,,
28,9/30/2025 22:13,9/30/2025 22:16,anonymous,,English (United States)?,India,Man,No,,,25-34,,,Relationships;Finances;Career growth;,,,,Employee (Corporate/Private),,Workload;,,,,Less than 20 hours/week,Sometimes,,,,With family,,Expectations;Conflicts;,,,Evening;Late night;,1–2 hours,Family;Work;,Argue;Frustration;,Family;,Somewhat uncomfortable,Listen silently;,Friends,Not at all,Flexible schedule,No,,
29,9/30/2025 22:17,9/30/2025 22:20,anonymous,,English (United States)?,Gurgaon ,Man,Yes,,,25-34,,,Work deadlines;Career growth;Relationships;Finances;,,,,Employee (Corporate/Private),,Manager expectations;,,,,41–60 hours/week,,,Burnout;Irritability;,,With family,,Responsibilities;Expectations;,,,Morning;Afternoon;Late night;,1–2 hours,Work;Family;,Withdraw;Argue;Distract;Eat/Not Eat;Exercise;,Friends;,Somewhat comfortable,Offer support;,Friends,Rarely,Peer groups,No,,
30,9/30/2025 22:17,9/30/2025 22:20,anonymous,,English (United States)?,"Texas, United States",Man,Yes,,,18-24,,Rarely,,,,,Student,Exams;Time management;,,,,,20–40 hours/week,,Yes,,,Alone,Neutral,,,,Late night;,Minutes,Family;,Withdraw;Exercise;,Friends;Family;,Very comfortable,Offer support;,Friends,Occasionally,Peer groups,Yes,Friends,
31,9/30/2025 22:16,9/30/2025 22:20,anonymous,,English (United States)?,"Texas, United States",Man,Yes,,,18-24,,Sometimes,,,,,Student,Time management;Peer pressure;,,,,,20–40 hours/week,,Yes,,,With roommates/peers,,,No,,Late night;,1–2 hours,Social Media;Work;,Gaming ;,No one;,Somewhat comfortable,Offer support;,Friends,Rarely,Counseling,No,,Nothing else just studies and job 
32,9/30/2025 22:18,9/30/2025 22:21,anonymous,,English (United States)?,Texas,Man,No,,,25-34,,,Career growth;,,,,Student,Time management;,,,,,Less than 20 hours/week,Yes,,,,Alone,Neutral,,,,Late night;,Minutes,Work;,Distract;Withdraw;,Friends;,Very comfortable,Offer support;,Family,Not at all,Flexible schedule,No,,
33,9/30/2025 22:20,9/30/2025 22:23,anonymous,,English (United States)?,"Texas,USA ",Man,Sometimes,,,18-24,,Sometimes,,,,,Student,Peer pressure;Time management;Exams;,,,,,20–40 hours/week,,Sometimes,,,With roommates/peers,,,Yes,,Evening;Late night;,Several hours,Work;Social Media;Hormones;,Argue;Frustration;,Family;,Somewhat comfortable,Listen silently;Change subject;Avoid;,Family,Rarely,Peer groups,No,,
34,9/30/2025 22:19,9/30/2025 22:23,anonymous,,English (United States)?,Hyderabad ,Man,Sometimes,,,25-34,,,Relationships;Finances;,,,,Employee (Corporate/Private),,Colleague relations;,,,,20–40 hours/week,,Sometimes,,,With roommates/peers,,,No,,Morning;Afternoon;Evening;Late night;,Several hours,Family;,Eat/Not Eat;Staying calm;,Friends;,Neither comfortable nor uncomfortable,Listen silently;,Friends,Occasionally,Peer groups,No,,
35,9/30/2025 22:20,9/30/2025 22:23,anonymous,,English (United States)?,Texas,Woman,,Yes,,35-44,,,,Yes,,,Student,Exams;Assignments;Peer pressure;,,,,,20–40 hours/week,,No,,,With roommates/peers,,,Yes,,Evening;Afternoon;Late night;,1–2 hours,Work;Studies;Family;,Eat/Not Eat;Frustration;Argue;Distract;,Friends;Family;Colleagues;,Very uncomfortable,Offer support;Listen silently;,Family,Occasionally,Flexible schedule,No,,
36,9/30/2025 22:20,9/30/2025 22:24,anonymous,,English (United States)?,"Texas, United States",Man,Sometimes,,,45-54,,,,,Health issues,,Employee (Corporate/Private),,Deadlines;,,,,20–40 hours/week,,Yes,,,With family,,Conflicts;,,,Morning;,1–2 hours,yime of day;,Withdraw;Exercise;,No one;,Somewhat uncomfortable,Listen silently;,No one,Rarely,Workshops,No,,
37,9/30/2025 22:18,9/30/2025 22:25,anonymous,,English (United States)?,"Tamilnadu, India ",Man,Yes,,,55 and above,,,,,,Easier,Entrepreneur/Freelancer,,,,Financial uncertainty;,,20–40 hours/week,,Yes,,,With family,,Conflicts;,,,Morning;,Minutes,Family;,Withdraw;,Friends;,Somewhat comfortable,Offer support;,Friends,Occasionally,Peer groups,Yes,Friends,Nothing serious.
38,9/30/2025 22:24,9/30/2025 22:27,anonymous,,English (United States)?,"Texas, US ",Man,Yes,,,25-34,,,Work deadlines;Relationships;Finances;,,,,Student,Time management;,,,,,41–60 hours/week,,,Fatigue;,,With family,,Support;,,,Evening;,1–2 hours,Work;,Withdraw;Frustration;,No one;,Somewhat uncomfortable,Listen silently;,Friends,Occasionally,Counseling,No,,Nope 
39,9/30/2025 22:26,9/30/2025 22:30,anonymous,,English (United States)?,"Karnataka, India",Man,No,,,45-54,,,,,Work stress,,Employee (Corporate/Private),,Manager expectations;Colleague relations;,,,,41–60 hours/week,,,Burnout;,,With family,,Conflicts;Expectations;,,,Afternoon;,Minutes,Work;Family;,Argue;Withdraw;,Family;Friends;,Neither comfortable nor uncomfortable,Offer support;Listen silently;,Family,Rarely,Counseling,No,,
40,9/30/2025 22:32,9/30/2025 22:33,anonymous,,English (United States)?,India,Woman,,Yes,,25-34,,,Work deadlines;Relationships;Career growth;,,,,Employee (Corporate/Private),,Deadlines;Colleague relations;Workload;,,,,41–60 hours/week,,,Stress;Fatigue;,,With family,,Conflicts;Responsibilities;,,,Evening;Late night;,Several hours,Family;Hormones;Work;,Cry;,No one;,Neither comfortable nor uncomfortable,Listen silently;,No one,Rarely,Counseling,No,,
41,9/30/2025 22:24,9/30/2025 22:34,anonymous,,English (United States)?,"Chennai , India",Man,No,,,18-24,,Always,,,,,Student,Exams;Peer pressure,,,,,20–40 hours/week,,Yes,,,With family,,Conflicts,,,Late night,Minutes,Health;Studies,Eat/Not Eat;Frustration;Distract,Family;No one,Somewhat comfortable,Offer support,Friends,Rarely,Workshops,No,,
42,9/30/2025 22:33,9/30/2025 22:38,anonymous,,English (United States)?,USA ,Woman,,Yes,,25-34,,,Finances;Relationships;Career growth,,,,Employee (Corporate/Private),,Nothing ,,,,Less than 20 hours/week,Yes,,,,Alone,Neutral,,,,Evening;Afternoon,Minutes,Family,Cry,No one,Somewhat comfortable,Offer support,No one,Occasionally,Counseling,No,,I lost my father I have grief it’s been 3 years since he left me still today I miss him everyday I cry for him every day 
43,9/30/2025 22:38,9/30/2025 22:42,anonymous,,English (United States)?,"Delhi, India",Man,Sometimes,,,25-34,,,Relationships;Career growth,,,,Employee (Corporate/Private),,Manager expectations,,,,20–40 hours/week,,Sometimes,,,With family,,Support,,,Late night,1–2 hours,Work,Distract,Friends,Somewhat comfortable,Listen silently;Offer support,Friends,Rarely,Peer groups,Maybe,,
44,9/30/2025 22:41,9/30/2025 22:43,anonymous,,English (United States)?,United States,Man,No,,,35-44,,,,Yes,,,Employee (Corporate/Private),,Manager expectations;Workload,,,,41–60 hours/week,,,Fatigue;Stress;Irritability;Burnout,,With family,,Conflicts;Responsibilities;Expectations;Support,,,Morning,Minutes,Health,Withdraw,No one,Somewhat uncomfortable,Listen silently,Family,Rarely,Counseling,No,,
45,9/30/2025 22:47,9/30/2025 22:50,anonymous,,English (United States)?,"Texas, United States of America",Man,Sometimes,,,25-34,,,Relationships;Career growth,,,,Employee (Corporate/Private),,Workload,,,,20–40 hours/week,,Yes,,,With roommates/peers,,,Sometimes,,Evening,1–2 hours,Situations,Withdraw;Argue,No one,Somewhat comfortable,Offer support;Listen silently,Friends,Occasionally,Peer groups,No,,
46,9/30/2025 22:50,9/30/2025 22:53,anonymous,,English (United States)?,India ,Man,Yes,,,25-34,,,Relationships,,,,Unemployed,,,,,Finances,20–40 hours/week,,Yes,,,With family,,Responsibilities,,,Late night,1–2 hours,Studies,Frustration,Friends,Somewhat comfortable,Offer support,Friends,Rarely,Peer groups,No,,
47,9/30/2025 22:50,9/30/2025 22:53,anonymous,,English (United States)?,Texas,Woman,,Yes,,25-34,,,Relationships;Finances,,,,Unemployed,,,,,Family pressure;Finances;Social isolation;Job search stress,Less than 20 hours/week,Yes,,,,With roommates/peers,,,Yes,,Morning;Evening;Late night;Afternoon,Several hours,Studies;Family;Health;Hormones,Withdraw;Eat/Not Eat;Frustration;Cry,No one,Neither comfortable nor uncomfortable,Listen silently;Offer support,No one,Occasionally,Peer groups,No,,
48,9/30/2025 22:39,9/30/2025 22:53,anonymous,,English (United States)?,"Karnataka, India",Man,Yes,,,18-24,,Often,,,,,Employee (Corporate/Private),,Colleague relations;Workload;Manager expectations,,,,41–60 hours/week,,,Fatigue;Stress;Irritability;Burnout,,Alone,Neutral,,,,Morning;Evening,1–2 hours,Work;Family;Health,Cry;Eat/Not Eat;Frustration;Argue,No one,Neither comfortable nor uncomfortable,Listen silently,Friends,Rarely,Flexible schedule,Yes,Friends,"Occasional stress from balancing family and work, but manageable"
49,9/30/2025 22:51,9/30/2025 22:55,anonymous,,English (United States)?,India,Woman,,Yes,,18-24,,Sometimes,,,,,Student,Time management;Assignments;Exams,,,,,Less than 20 hours/week,Sometimes,,,,With roommates/peers,,,Yes,,Evening;Afternoon;Morning;Late night,Several hours,Social Media;Studies;Work;Hormones,Exercise,Friends;Family,Somewhat uncomfortable,Listen silently,Friends,Not at all,Counseling,No,,
50,9/30/2025 22:56,9/30/2025 23:01,anonymous,,English (United States)?,"Udumalpet, India",Woman,,Yes,,45-54,,,,,Work stress,,Professor/Teacher,,,Yes,,,Less than 20 hours/week,Yes,,,,With family,,Conflicts,,,Evening,1–2 hours,Work;Family;Health,Cry;Distract,Friends,Somewhat comfortable,Offer support,Friends,Rarely,Peer groups,Yes,Friends,Children's life style and their struggles to meet the financial problems in their life 
51,9/30/2025 22:41,9/30/2025 23:02,anonymous,,English (United States)?,Texas,Man,Yes,,,45-54,,,,,Work stress,,Employee (Corporate/Private),,Workload,,,,41–60 hours/week,,,Stress;Irritability,,With family,,Responsibilities,,,Late night,Several hours,Work;Family;Social Media,Distract;Withdraw,Friends,Somewhat comfortable,Change subject;Avoid;Listen silently,Friends,Not at all,Flexible schedule,No,,
52,9/30/2025 23:00,9/30/2025 23:02,anonymous,,English (United States)?,Pakistan,Man,No,,,25-34,,,Relationships;Career growth;Finances,,,,Employee (Corporate/Private),,Manager expectations;Workload,,,,Less than 20 hours/week,Yes,,,,With family,,Support;Expectations;Responsibilities,,,Morning;Afternoon;Evening;Late night,Minutes,Social Media,Eat/Not Eat,No one,Very uncomfortable,Listen silently,No one,Not at all,Peer groups,No,,Nothing 
53,9/30/2025 23:02,9/30/2025 23:04,anonymous,,English (United States)?,India,Woman,,Yes,,25-34,,,Work deadlines;Career growth;Finances,,,,Employee (Corporate/Private),,Deadlines;Manager expectations;Workload,,,,41–60 hours/week,,,Stress;Fatigue;Irritability,,With family,,Responsibilities;Support;Expectations,,,Evening;Late night,Minutes,Work;Studies;Social Media;Hormones,Argue;Cry;Frustration,Family,Somewhat comfortable,Offer support,Family,Often,Counseling,Yes,Counseling,
54,9/30/2025 23:03,9/30/2025 23:07,anonymous,,English (United States)?,"Texas, USA",Man,No,,,25-34,,,Career growth;Relationships;Finances;Family responsibilities,,,,Student,Exams;Peer pressure;Time management;Assignments,,,,,20–40 hours/week,,No,,,With roommates/peers,,,Yes,,Late night;Morning;Afternoon,Several hours,Work;Studies;Family;Social Media,Frustration;Exercise;Distract,No one,Somewhat uncomfortable,Offer support;Listen silently,Family,Rarely,Counseling,No,,
55,9/30/2025 23:04,9/30/2025 23:07,anonymous,,English (United States)?,India,Woman,,Yes,,25-34,,,Work deadlines;Career growth;Relationships;Finances,,,,Employee (Corporate/Private),,Deadlines;Manager expectations;Colleague relations;Workload,,,,41–60 hours/week,,,Stress;Irritability,,With roommates/peers,,,No,,Late night;Evening;Morning;Afternoon,Several hours,Work,Eat/Not Eat;Cry;Argue;Frustration,No one,Somewhat uncomfortable,Listen silently,No one,Rarely,Apps,Yes,Family,
56,9/30/2025 23:09,9/30/2025 23:13,anonymous,,English (United States)?,Tamil Nadu  India,Woman,,No,,55 and above,,,,,,No change,Unemployed,,,,,Social isolation,Less than 20 hours/week,Yes,,,,With family,,Conflicts,,,Morning,Minutes,Hormones,Withdraw,No one,Neither comfortable nor uncomfortable,Offer support,Family,Not at all,Flexible schedule,No,,I don’t have any other emotional stress 
57,9/30/2025 23:16,9/30/2025 23:17,anonymous,,English (United States)?,"Texas, united states ",Man,Sometimes,,,25-34,,,Work deadlines;Career growth;Finances,,,,Student,Time management,,,,,20–40 hours/week,,No,,,Alone,Neutral,,,,Late night;Morning,1–2 hours,Work;Studies;Family,Exercise;Frustration;Distract;Eat/Not Eat,Friends,Somewhat comfortable,Offer support,Friends,Often,Peer groups,No,,
58,9/30/2025 23:19,9/30/2025 23:20,anonymous,,English (United States)?,Tamilnadu India,Woman,,No,,55 and above,,,,,,No change,Unemployed,,,,,Social isolation,Less than 20 hours/week,Yes,,,,With family,,Conflicts,,,Evening,Minutes,Hormones,Withdraw,No one,Neither comfortable nor uncomfortable,Listen silently,Family,Not at all,Flexible schedule,No,,I don’t have any other emotional stress 
59,9/30/2025 23:23,9/30/2025 23:27,anonymous,,English (United States)?,INDIA ,Woman,,Yes,,25-34,,,Relationships,,,,Professor/Teacher,,,Yes,,,Less than 20 hours/week,Yes,,,,With family,,Expectations,,,Late night,Several hours,Work,Frustration;Argue;Distract;Cry;Eat/Not Eat,Friends,Somewhat comfortable,Listen silently,Family,Rarely,Counseling,Yes,Friends,
60,9/30/2025 23:29,9/30/2025 23:31,anonymous,,English (United States)?,Telangana,Man,Yes,,,25-34,,,Finances,,,,Employee (Corporate/Private),,Workload,,,,Less than 20 hours/week,Yes,,,,With family,,Responsibilities,,,Late night,Several hours,Hormones,Distract,Friends,Neither comfortable nor uncomfortable,Avoid,Family,Occasionally,Flexible schedule,No,,
61,9/30/2025 23:29,9/30/2025 23:32,anonymous,,English (United States)?,"Texas, US",Woman,,Yes,,18-24,,Always,,,,,Student,All,,,,,20–40 hours/week,,No,,,With roommates/peers,,,Sometimes,,Late night,A full day or more,All,Distract;Cry,No one,Neither comfortable nor uncomfortable,Listen silently;Change subject;Avoid,Family,Occasionally,Don’t know,Maybe,,
62,9/30/2025 23:30,9/30/2025 23:32,anonymous,,English (United States)?,India,Woman,,Yes,,25-34,,,Work deadlines;Career growth,,,,Employee (Corporate/Private),,Deadlines,,,,Less than 20 hours/week,No,,,,With family,,Responsibilities,,,Evening,Minutes,Hormones,Argue;Frustration;Cry,Family,Very comfortable,Offer support;Listen silently,Family,Rarely,Flexible schedule,No,,
63,9/30/2025 23:33,9/30/2025 23:35,anonymous,,English (United States)?,"Texas, USA",Woman,,Yes,,18-24,,Sometimes,,,,,Student,Assignments;Peer pressure;Time management,,,,,20–40 hours/week,,No,,,With roommates/peers,,,Yes,,Evening;Late night,Several hours,Work;Family;Hormones,Withdraw;Argue;Cry;Eat/Not Eat;Frustration,No one,Neither comfortable nor uncomfortable,Listen silently;Offer support,Family,Often,Counseling,No,,NA
64,9/30/2025 23:34,9/30/2025 23:38,anonymous,,English (United States)?,"TN,India ",Man,No,,,25-34,,,Career growth;Relationships,,,,Employee (Corporate/Private),,Colleague relations;Manager expectations,,,,41–60 hours/week,,,Burnout,,With roommates/peers,,,Sometimes,,Evening;Late night,1–2 hours,Work;Family;Social Media,Distract,Family;Friends,Somewhat uncomfortable,Listen silently;Change subject,Family,Rarely,Flexible schedule,No,,
65,9/30/2025 23:36,9/30/2025 23:39,anonymous,,English (United States)?,"Telangana,Hyderabad",Woman,,Yes,,25-34,,,Nothing,,,,Employee (Corporate/Private),,Manager expectations,,,,20–40 hours/week,,Sometimes,,,With family,,Conflicts,,,Evening,1–2 hours,Work;Hormones,Distract;Cry,Family;No one,Somewhat comfortable,Listen silently;Offer support,Family,Often,Peer groups,No,,
66,9/30/2025 23:43,9/30/2025 23:46,anonymous,,English (United States)?,United States,Man,Yes,,,18-24,,Sometimes,,,,,Student,Exams;Assignments,,,,,Less than 20 hours/week,Sometimes,,,,With roommates/peers,,,Sometimes,,Late night,1–2 hours,Studies;Family,Eat/Not Eat,No one,Neither comfortable nor uncomfortable,Offer support,Friends,Occasionally,Counseling,Maybe,,Nil
67,9/30/2025 23:44,9/30/2025 23:47,anonymous,,English (United States)?,India,Woman,,Yes,,35-44,,,,Yes,,,Employee (Corporate/Private),,Workload;Deadlines,,,,41–60 hours/week,,,Burnout;Fatigue;Stress;Irritability,,With family,,Support;Responsibilities;Conflicts;Expectations,,,Morning;Late night,Minutes,Family;Work,Withdraw;Distract;Argue;Cry;Frustration,Friends,Somewhat comfortable,Offer support;Listen silently,Friends,Occasionally,Counseling,No,,
68,9/30/2025 23:46,10/1/2025 0:05,anonymous,,English (United States)?,"Tamilnadu, india",Woman,,Yes,,25-34,,,Work deadlines;Finances,,,,Employee (Corporate/Private),,Deadlines;Workload,,,,41–60 hours/week,,,Stress,,With roommates/peers,,,Sometimes,,Evening;Late night,1–2 hours,Work;Health,Argue;Cry;Frustration,No one;Professionals,Somewhat comfortable,Offer support;Listen silently,My fiancée ,Occasionally,Counseling,Yes,Counseling,"Even though I know it’s not my mistake, I couldn’t forgive or accept something that happened in the past."
69,9/30/2025 23:54,10/1/2025 0:10,anonymous,,English (United States)?,"Texas, USA",Woman,,Yes,,25-34,,,Career growth;Relationships,,,,Student,Peer pressure,,,,,Less than 20 hours/week,Sometimes,,,,With roommates/peers,,,Yes,,Afternoon;Evening,1–2 hours,Hormones;Family;Studies;Work;Social Media,Cry;Distract;Sleep,Family;Friends;No one,Neither comfortable nor uncomfortable,Listen silently;Other,Family,Rarely,Need some alone time ,Yes,Discussing my situation and finding a solution with family or friends ,Separation 
70,10/1/2025 0:11,10/1/2025 0:16,anonymous,,English (United States)?,"Tamilnadu,india",Man,Yes,,,25-34,,,Work deadlines;Finances;Career growth,,,,Employee (Corporate/Private),,Deadlines;Manager expectations,,,,Less than 20 hours/week,No,,,,With roommates/peers,,,No,,Late night;Evening,1–2 hours,Social Media;Work,Withdraw;Eat/Not Eat;Distract,Professionals,Somewhat comfortable,Listen silently;Change subject,Friends,Often,Peer groups,No,,
71,10/1/2025 0:18,10/1/2025 0:23,anonymous,,English (United States)?,Tamilnadu India ,Woman,,Yes,,25-34,,,Career growth,,,,Employee (Corporate/Private),,Workload,,,,41–60 hours/week,,,Stress,,With family,,Responsibilities,,,Evening,1–2 hours,Health,Argue,No one,Very comfortable,Listen silently,Family,Rarely,Apps,Yes,Family,
72,10/1/2025 0:18,10/1/2025 0:24,anonymous,,English (United States)?,"Tamil Nadu, India ",Woman,,Not Sure,,25-34,,,Career growth;Work deadlines;Relationships;Finances,,,,Employee (Corporate/Private),,Deadlines,,,,20–40 hours/week,,Sometimes,,,With family,,Expectations,,,Late night,1–2 hours,Family;Work,Cry;Argue,Family,Very comfortable,Change subject,No one,Rarely,Flexible schedule,No,,
73,10/1/2025 0:22,10/1/2025 0:25,anonymous,,English (United States)?,"Karnataka, India",Man,Yes,,,18-24,,Sometimes,,,,,Student,Exams;Time management;Assignments,,,,,41–60 hours/week,,,Fatigue;Stress;Irritability;Burnout,,With family,,Conflicts,,,Late night,Minutes,Studies,Withdraw;Argue,Friends,Neither comfortable nor uncomfortable,Listen silently,Friends,Often,Peer groups,No,,
74,10/1/2025 0:21,10/1/2025 0:25,anonymous,,English (United States)?,"Texas, united states",Woman,,Yes,,25-34,,,Career growth,,,,Student,Time management,,,,,20–40 hours/week,,Yes,,,With roommates/peers,,,Yes,,Late night,Minutes,Family,Distract,Family,Somewhat comfortable,Listen silently,Friends,Rarely,Flexible schedule,Yes,Family,Nothing
75,10/1/2025 0:21,10/1/2025 0:25,anonymous,,English (United States)?,India,Woman,,Yes,,25-34,,,Relationships;Work deadlines,,,,Employee (Corporate/Private),,Manager expectations,,,,Less than 20 hours/week,No,,,,With family,,Responsibilities,,,Morning;Evening,Several hours,Hormones,Frustration;Argue;Cry,Family,Very comfortable,Listen silently,Friends,Occasionally,Peer groups,Maybe,,
76,10/1/2025 0:24,10/1/2025 0:27,anonymous,,English (United States)?,India,Man,No,,,18-24,,Sometimes,,,,,Student,Exams;Assignments;Peer pressure;Time management,,,,,Less than 20 hours/week,No,,,,Alone,Neutral,,,,Late night;Evening,1–2 hours,Social Media,Eat/Not Eat;Cry;Distract,No one;Friends,Neither comfortable nor uncomfortable,Change subject,No one,Not at all,Counseling,No,,
77,10/1/2025 0:26,10/1/2025 0:30,anonymous,,English (United States)?,Tamil Nadu ,Man,Sometimes,,,18-24,,Rarely,,,,,Student,Time management;Assignments,,,,,Less than 20 hours/week,No,,,,With roommates/peers,,,No,,Evening,1–2 hours,Work;Social Media,Frustration;Argue;Distract,Family;Friends,Somewhat comfortable,Listen silently,Friends,Occasionally,Peer groups,No,,Ntg
78,10/1/2025 0:24,10/1/2025 0:30,anonymous,,English (United States)?,"Tamilnadu, India",Woman,,Yes,,25-34,,,Relationships,,,,Employee (Corporate/Private),,Deadlines,,,,20–40 hours/week,,No,,,With roommates/peers,,,Yes,,Evening,Several hours,Health;Hormones,Argue;Distract;Cry;Eat/Not Eat;Frustration,Friends,Neither comfortable nor uncomfortable,Listen silently,Friends,Rarely,Flexible schedule,Maybe,,
79,10/1/2025 0:26,10/1/2025 0:30,anonymous,,English (United States)?,India,Woman,,Yes,,25-34,,,Finances;Relationships;Health,,,,Employee (Corporate/Private),,Deadlines,,,,41–60 hours/week,,,Irritability;Burnout,,With family,,Expectations,,,Evening,1–2 hours,Hormones,Argue;Cry;Eat/Not Eat;Frustration,Family,Neither comfortable nor uncomfortable,Offer support,Family,Often,Peer groups,No,,
80,10/1/2025 0:27,10/1/2025 0:34,anonymous,,English (United States)?,Jaipur ,Man,No,,,18-24,,Rarely,,,,,Student,Time management,,,,,Less than 20 hours/week,No,,,,With roommates/peers,,,Sometimes,,Late night,Minutes,Environment ,Withdraw;Frustration,Family;Friends,Somewhat comfortable,Listen silently,Don’t want to say,Occasionally,I am not sure,Yes,Family,"I am not sure, But maybe Some stages of depression. "
81,10/1/2025 0:41,10/1/2025 0:44,anonymous,,English (United States)?,"Madhyapradesh, India ",Man,No,,,18-24,,Sometimes,,,,,Student,Exams,,,,,Less than 20 hours/week,No,,,,With roommates/peers,,,Yes,,Evening;Late night,Several hours,Family;Work,Withdraw;Frustration;Exercise,No one,Somewhat uncomfortable,Offer support,No one,Rarely,I don't want ,No,,
82,10/1/2025 0:42,10/1/2025 0:45,anonymous,,English (United States)?,India ,Woman,,Yes,,25-34,,,Finances;Career growth,,,,Entrepreneur/Freelancer,,,,Financial uncertainty,,More than 60 hours/week,,,,Sleep problems,With roommates/peers,,,Yes,,Morning,1–2 hours,Work;Health;Hormones,Frustration;Eat/Not Eat;Distract,Family,Somewhat comfortable,Offer support,Family,Occasionally,Flexible schedule,No,,
83,10/1/2025 1:25,10/1/2025 1:29,anonymous,,English (United States)?,"Tamilnadu, India",Woman,,Yes,,35-44,,,,Yes,,,Employee (Corporate/Private),,Workload;Deadlines,,,,41–60 hours/week,,,Stress;Fatigue;Irritability;Burnout,,With family,,Expectations,,,Evening,1–2 hours,Work;Hormones;Social Media,Distract;Eat/Not Eat,Family,Somewhat comfortable,Listen silently;Offer support,Family,Rarely,Workshops,No,,
84,10/1/2025 1:35,10/1/2025 1:40,anonymous,,English (United States)?,"Tamil Nadu, India",Man,No,,,18-24,,Always,,,,,Student,Exams;Peer pressure,,,,,Less than 20 hours/week,Yes,,,,With family,,Responsibilities;Expectations;Conflicts,,,Late night;Evening,Several hours,Work;Family;Social Media;Health;Studies,Withdraw;Distract;Cry;Frustration,No one,Somewhat comfortable,Listen silently;Offer support,ChatGPT (sad but yes ),Rarely,Just someone who would listen ,No,,Loneliness man
85,10/1/2025 1:38,10/1/2025 1:42,anonymous,,English (United States)?,Tamilnadu India,Woman,,Yes,,25-34,,,Relationships,,,,Employee (Corporate/Private),,Workload,,,,41–60 hours/week,,,Fatigue,,With family,,Support,,,Afternoon,1–2 hours,Family;Health;Work,Cry;Frustration,No one,Neither comfortable nor uncomfortable,Listen silently,Friends,Occasionally,Counseling,Yes,Counseling,
86,10/1/2025 1:36,10/1/2025 1:46,anonymous,,English (United States)?,"TN, India",Woman,,Yes,,18-24,,Sometimes,,,,,Unemployed,,,,,Job search stress;Family pressure;Finances,20–40 hours/week,,Sometimes,,,With family,,Conflicts;Support,,,Late night,1–2 hours,Studies;Family;Hormones,Cry;Frustration;Distract;Eat/Not Eat,No one,Somewhat comfortable,Listen silently;Offer support,Family,Rarely,Peer groups,No,,
87,10/1/2025 2:00,10/1/2025 2:04,anonymous,,English (United States)?,"Delhi, India ",Man,Yes,,,25-34,,,Finances;Career growth;Work deadlines,,,,Employee (Corporate/Private),,Colleague relations;Manager expectations,,,,41–60 hours/week,,,Fatigue;Stress;Burnout;Irritability,,Alone,Neutral,,,,Late night;Evening,1–2 hours,Family;Health;Social Media,Distract;Eat/Not Eat;Frustration,Family,Neither comfortable nor uncomfortable,Listen silently,No one,Rarely,Apps,No,,
88,10/1/2025 2:47,10/1/2025 2:53,anonymous,,English (United States)?,"Tamilnadu, India ",Man,Sometimes,,,18-24,,Often,,,,,Employee (Corporate/Private),,Manager expectations,,,,More than 60 hours/week,,,,Loss of motivation,With family,,Responsibilities,,,Morning,Several hours,Work;Health,Frustration,No one,Very uncomfortable,Listen silently,Colleagues,Not at all,Flexible schedule,No,,
89,10/1/2025 2:44,10/1/2025 2:53,anonymous,,English (United States)?,"Tamilnadu,India",Man,Sometimes,,,25-34,,,Relationships;Career growth,,,,Entrepreneur/Freelancer,,,,Financial uncertainty,,Less than 20 hours/week,No,,,,With roommates/peers,,,Yes,,Late night,1–2 hours,Work;Health;Social Media,Cry;Argue,Friends,Somewhat comfortable,Listen silently,No one,Occasionally,Peer groups,No,,She absence.
90,10/1/2025 2:35,10/1/2025 3:18,anonymous,,English (United States)?,"Tamil Nadu, India ",Man,Sometimes,,,Under 18,Social Media,,,,,,Student,Peer pressure;Time management;Exams,,,,,20–40 hours/week,,Sometimes,,,With family,,Expectations,,,Afternoon,1–2 hours,Hormones;Studies,Frustration;Argue,Family;Friends,Somewhat comfortable,Offer support;Change subject,No one,Rarely,Flexible schedule,No,,
91,10/1/2025 3:18,10/1/2025 3:23,anonymous,,English (United States)?,"Tamilnadu, India ",Man,No,,,25-34,,,Career growth;Finances,,,,Professor/Teacher,,,Sometimes,,,20–40 hours/week,,No,,,With family,,Responsibilities;Expectations,,,Late night,Several hours,Family;Studies;Work;Hormones;Health,Exercise;Eat/Not Eat,No one,Neither comfortable nor uncomfortable,Listen silently,No one,Occasionally,Flexible schedule,Maybe,,
92,10/1/2025 3:24,10/1/2025 3:27,anonymous,,English (United States)?,"Assam, India",Man,Sometimes,,,18-24,,Often,,,,,Student,Assignments;Exams;Time management,,,,,41–60 hours/week,,,Stress;Irritability;Fatigue;Burnout,,Alone,Negative,,,,Evening,Several hours,Studies;Family;Social Media;Hormones,Cry;Eat/Not Eat;Frustration;Argue;Distract,No one,Neither comfortable nor uncomfortable,Listen silently,Friends,Rarely,Counseling,Yes,Counseling,
93,10/1/2025 3:30,10/1/2025 3:32,anonymous,,English (United States)?,"Tamil Nadu, India",Woman,,Yes,,18-24,,Sometimes,,,,,Student,Exams;Time management;Assignments,,,,,Less than 20 hours/week,Sometimes,,,,With family,,Responsibilities;Expectations,,,Morning;Late night,Minutes,Studies;Family,Argue;Frustration,No one,Neither comfortable nor uncomfortable,Listen silently;Offer support,Friends,Occasionally,Flexible schedule,Maybe,,-
94,10/1/2025 3:45,10/1/2025 3:48,anonymous,,English (United States)?,Luxembourg ,Woman,,Yes,,25-34,,,Finances;Relationships,,,,Employee (Corporate/Private),,Colleague relations,,,,20–40 hours/week,,Sometimes,,,With family,,Expectations,,,Late night;Morning,Several hours,Hormones,Eat/Not Eat;Distract;Cry,Family,Neither comfortable nor uncomfortable,Listen silently,Family,Occasionally,Peer groups,Yes,Friends,
95,10/1/2025 4:58,10/1/2025 5:00,anonymous,,English (United States)?,"TN, India",Woman,,Yes,,18-24,,Often,,,,,Student,Assignments;Exams;Peer pressure;Time management,,,,,20–40 hours/week,,Sometimes,,,With family,,Conflicts;Support;Expectations;Responsibilities,,,Late night;Evening,1–2 hours,Work;Studies;Family;Health;Social Media;Hormones,Argue;Withdraw;Distract;Cry;Eat/Not Eat;Frustration,Professionals;Friends,Somewhat comfortable,Listen silently,No one,Rarely,Flexible schedule,Maybe,,Anxiety.
96,10/1/2025 6:17,10/1/2025 6:19,anonymous,,English (United States)?,India,Woman,,Yes,,25-34,,,Work deadlines;Relationships;Finances,,,,Employee (Corporate/Private),,Deadlines;Workload,,,,20–40 hours/week,,Yes,,,With family,,Support;Conflicts;Responsibilities,,,Evening;Late night,1–2 hours,Hormones;Work;Family,Frustration;Argue;Distract,Friends,Somewhat comfortable,Offer support;Listen silently,Partner,Occasionally,Counseling,Yes,Counseling,
97,10/1/2025 6:24,10/1/2025 6:27,anonymous,,English (United States)?,"Tamilnadu , India",Man,Yes,,,25-34,,,Work deadlines;Finances,,,,Employee (Corporate/Private),,Deadlines;Workload,,,,41–60 hours/week,,,Fatigue;Stress,,With family,,Support;Responsibilities,,,Late night,1–2 hours,Health;Studies;Family,Exercise,Family,Somewhat comfortable,Listen silently,Friends,Occasionally,Peer groups,Yes,Friends,
98,10/1/2025 7:23,10/1/2025 7:27,anonymous,,English (United States)?,"India, Tamil Nadu, Sivaganga ",Man,No,,,25-34,,,Finances;Work deadlines,,,,Employee (Corporate/Private),,Manager expectations;Deadlines;Workload,,,,41–60 hours/week,,,Stress,,Alone,Neutral,,,,Evening,Minutes,Work;Health;Family,Distract,Colleagues;Friends,Somewhat comfortable,Listen silently;Offer support,Friends,Often,Apps,No,,
99,10/1/2025 8:35,10/1/2025 8:41,anonymous,,English (United States)?,Hyderabad ,Man,Yes,,,25-34,,,Career growth,,,,Employee (Corporate/Private),,Deadlines,,,,Less than 20 hours/week,No,,,,Alone,Negative,,,,Evening,Minutes,Work;Hormones;Social Media,Exercise;Distract,Friends,Somewhat comfortable,Offer support,Friends,Occasionally,Workshops,No,,
100,10/1/2025 9:03,10/1/2025 9:08,anonymous,,English (United States)?,"Haryana, India ",Man,Sometimes,,,25-34,,,Work deadlines;Relationships;Finances,,,,Employee (Corporate/Private),,Workload;Colleague relations;Manager expectations;Relationship at home,,,,More than 60 hours/week,,,,Loss of motivation,Alone,Negative,,,,Late night,1–2 hours,Work;Studies;Family,Argue;Eat/Not Eat;Cry;Frustration,No one,Neither comfortable nor uncomfortable,Listen silently;Change subject;Avoid,No one,Rarely,Counseling,Yes,Friends,Need a person who listens to me and engage 
101,10/1/2025 9:40,10/1/2025 9:43,anonymous,,English (United States)?,United States,Man,No,,,45-54,,,,,Work stress,,Employee (Corporate/Private),,Manager expectations,,,,41–60 hours/week,,,Fatigue;Stress,,With family,,Support;Responsibilities,,,Morning,1–2 hours,Family,Withdraw,Family,Somewhat comfortable,Listen silently;Offer support,Family,Occasionally,Peer groups,No,,
102,10/1/2025 9:57,10/1/2025 9:59,anonymous,,English (United States)?,United States of America,Man,Sometimes,,,18-24,,Sometimes,,,,,Student,Time management;Exams,,,,,20–40 hours/week,,Sometimes,,,With roommates/peers,,,Yes,,Late night,Minutes,If consuming negative news or news related to deaths.,Exercise;Distract,Family;Friends,Very comfortable,Offer support;Listen silently,Family,Often,Apps,No,,
103,10/1/2025 10:25,10/1/2025 10:27,anonymous,,English (United States)?,Denton,Man,Sometimes,,,25-34,,,Career growth;Finances,,,,Unemployed,,,,,Finances;Family pressure;Job search stress,Less than 20 hours/week,Sometimes,,,,With roommates/peers,,,Yes,,Late night;Evening,1–2 hours,Family;Social Media;Work,Exercise,No one,Somewhat uncomfortable,Listen silently,Friends,Occasionally,Peer groups,Yes,Counseling,
104,10/1/2025 10:42,10/1/2025 10:45,anonymous,,English (United States)?,????,Prefer not to say,,,,25-34,,,Relationships,,,,Unemployed,,,,,Social isolation,Less than 20 hours/week,No,,,,With roommates/peers,,,No,,Afternoon;Morning;Evening;Late night,A full day or more,Hormones,Distract,Professionals,Very uncomfortable,Change subject,No one,Often,Apps,No,,????????
105,10/1/2025 11:06,10/1/2025 11:08,anonymous,,English (United States)?,"Denton, USA",Man,Sometimes,,,25-34,,,Work deadlines;Career growth;Finances,,,,Student,Assignments;Peer pressure;Time management;Exams,,,,,Less than 20 hours/week,Sometimes,,,,With roommates/peers,,,Yes,,Morning;Afternoon;Evening;Late night,1–2 hours,Work;Family;Social Media;Hormones;Health;Studies,Eat/Not Eat;Cry;Distract;Argue;Withdraw;Exercise;Frustration,No one,Neither comfortable nor uncomfortable,Listen silently;Offer support,No one,Rarely,Flexible schedule,No,,No
106,10/1/2025 12:01,10/1/2025 12:03,anonymous,,English (United States)?,India,Woman,,Yes,,18-24,,Often,,,,,Employee (Corporate/Private),,Colleague relations,,,,Less than 20 hours/week,Yes,,,,With roommates/peers,,,No,,Afternoon,Minutes,Work;Studies;Family;Health,Distract;Argue,Friends,Very comfortable,Offer support;Listen silently;Change subject,Family,Often,Counseling,Yes,Medication,Losing interest 
107,10/1/2025 12:28,10/1/2025 12:34,anonymous,,English (United States)?,India,Woman,,Yes,,25-34,,,Relationships,,,,Employee (Corporate/Private),,Colleague relations,,,,41–60 hours/week,,,All the above ,,With roommates/peers,,,No,,Late night,A full day or more,Hormones,Frustration,No one,Neither comfortable nor uncomfortable,Change subject,Friends,Occasionally,Flexible schedule,Yes,Spiritual guidance,Need to financially independent and need to have royal relationship 
108,10/1/2025 12:56,10/1/2025 12:59,anonymous,,English (United States)?,Tx,Woman,,Yes,,25-34,,,Relationships;Finances,,,,Employee (Corporate/Private),,Workload;Colleague relations,,,,Less than 20 hours/week,Sometimes,,,,With family,,Responsibilities;Expectations;Conflicts,,,Evening,1–2 hours,Family;Health;Hormones;Social Media,Argue;Cry;Frustration,Friends,Neither comfortable nor uncomfortable,Listen silently,Family,Often,Flexible schedule,No,,
109,10/1/2025 13:13,10/1/2025 13:18,anonymous,,English (United States)?,"Tamilnadu, India",Man,No,,,25-34,,,Relationships;Career growth,,,,Employee (Corporate/Private),,Colleague relations,,,,Less than 20 hours/week,Yes,,,,With family,,Expectations,,,Afternoon,Several hours,Health,Withdraw,No one,Very uncomfortable,Offer support,No one,Not at all,Counseling,No,,
110,10/1/2025 14:00,10/1/2025 14:03,anonymous,,English (United States)?,Kanagavalli ,Woman,,Yes,,25-34,,,Finances;Relationships;Career growth;Work deadlines,,,,Employee (Corporate/Private),,Manager expectations,,,,20–40 hours/week,,No,,,With family,,Expectations;Conflicts;Responsibilities,,,Morning;Late night,Minutes,Work;Family;Health;Hormones,Frustration;Eat/Not Eat;Cry,No one,Somewhat comfortable,Offer support,Friends,Occasionally,Flexible schedule,Yes,Counseling,
111,10/1/2025 14:09,10/1/2025 14:12,anonymous,,English (United States)?,Tamil Nadu,Man,Sometimes,,,25-34,,,Work deadlines,,,,Employee (Corporate/Private),,Manager expectations,,,,41–60 hours/week,,,Stress,,With family,,Responsibilities,,,Morning,Several hours,Work,Frustration,Family,Somewhat comfortable,Offer support;Listen silently,Family,Occasionally,Peer groups,Maybe,,
112,10/1/2025 15:18,10/1/2025 15:19,anonymous,,English (United States)?,"California, USA",Man,Sometimes,,,25-34,,,Relationships;Finances,,,,Employee (Corporate/Private),,Deadlines,,,,20–40 hours/week,,Sometimes,,,Alone,Negative,,,,Late night;Evening,1–2 hours,Family;Social Media,Distract;Exercise,Friends,Somewhat comfortable,Listen silently;Offer support,Friends,Occasionally,Counseling,Yes,Counseling,
113,10/1/2025 15:18,10/1/2025 15:21,anonymous,,English (United States)?,United States ,Woman,,Yes,,25-34,,,Relationships;Career growth,,,,Student,Peer pressure;Time management,,,,,Less than 20 hours/week,Sometimes,,,,With roommates/peers,,,Sometimes,,Late night,Several hours,Family;Studies;Work,Withdraw;Eat/Not Eat;Cry,Friends;Family,Neither comfortable nor uncomfortable,Offer support,Both family and friends ,Often,Peer groups,Yes,Friends,Marriage stress
114,10/1/2025 15:49,10/1/2025 15:53,anonymous,,English (United States)?,Kaushik ,Woman,,Yes,,25-34,,,Relationships,,,,Employee (Corporate/Private),,Manager expectations,,,,Less than 20 hours/week,Yes,,,,With roommates/peers,,,Yes,,Afternoon,1–2 hours,Social Media,Frustration,No one,Neither comfortable nor uncomfortable,Listen silently,Friends,Rarely,Being alone,No,,
115,10/1/2025 16:03,10/1/2025 16:06,anonymous,,English (United States)?,"Iowa, USA",Man,Yes,,,35-44,,,,Yes,,,Employee (Corporate/Private),,Workload,,,,41–60 hours/week,,,Burnout,,With family,,Expectations,,,Evening,1–2 hours,Work,Distract,Family,Very comfortable,Listen silently,Family,Rarely,activities,No,,
116,10/1/2025 16:05,10/1/2025 16:14,anonymous,,English (United States)?,"Iowa, USA",Man,No,,,35-44,,,,Sometimes,,,Employee (Corporate/Private),,Deadlines;Workload,,,,41–60 hours/week,,,Fatigue;Stress;Burnout,,Alone,Neutral,,,,Morning,1–2 hours,Work,Exercise,No one,Very comfortable,Offer support,Friends,Occasionally,Workshops,Yes,Counseling,
117,10/1/2025 16:21,10/1/2025 16:23,anonymous,,English (United States)?,Georgia USA,Man,No,,,35-44,,,,Yes,,,Employee (Corporate/Private),,Workload;Deadlines,,,,20–40 hours/week,,Yes,,,With family,,Responsibilities;Expectations,,,Morning;Evening,Minutes,Work;Family,Argue;Frustration,Family;Friends,Neither comfortable nor uncomfortable,Listen silently;Offer support,Family,Not at all,Counseling,No,,
118,10/1/2025 16:18,10/1/2025 16:24,anonymous,,English (United States)?,"Texas, United States ",Man,Yes,,,25-34,,,Career growth;Relationships;Work deadlines;Finances,,,,Unemployed,,,,,Social isolation;Job search stress;Finances,20–40 hours/week,,Sometimes,,,With roommates/peers,,,Yes,,Evening,1–2 hours,Studies;Family;Social Media;Health,Distract;Frustration,Friends;Colleagues,Somewhat comfortable,Listen silently;Offer support,Family,Occasionally,Flexible schedule,No,,
119,10/1/2025 16:42,10/1/2025 16:49,anonymous,,English (United States)?,"Georgia, USA",Woman,,Yes,,35-44,,,,Yes,,,Employee (Corporate/Private),,Workload,,,,20–40 hours/week,,No,,,With family,,Expectations;Conflicts;Responsibilities;Support,,,Afternoon;Evening;Morning,Several hours,Family;Hormones,Withdraw;Frustration,Friends;Family,Very comfortable,Listen silently,"Friends, and now family. ",Often,Getting out of the environment that creates emotional stress ,Yes,Friends and family ,
120,10/1/2025 17:29,10/1/2025 17:31,anonymous,,English (United States)?,"IA, USA",Man,Yes,,,35-44,,,,Yes,,,Employee (Corporate/Private),,Workload,,,,20–40 hours/week,,Yes,,,With family,,Conflicts,,,Evening,Minutes,Family,Withdraw,Family,Somewhat comfortable,Listen silently,Family,Occasionally,Counseling,No,,
121,10/1/2025 17:29,10/1/2025 17:32,anonymous,,English (United States)?,Singapore,Woman,,Yes,,35-44,,,,Yes,,,Professor/Teacher,,,Yes,,,20–40 hours/week,,Yes,,,With family,,Expectations;Conflicts,,,Evening;Late night,1–2 hours,Work;Hormones,Eat/Not Eat;Distract,No one,Neither comfortable nor uncomfortable,Listen silently,Friends,Often,Flexible schedule,No,,Nothing
122,10/1/2025 18:13,10/1/2025 18:21,anonymous,,English (United States)?,Texas,Woman,,Yes,,18-24,,Sometimes,,,,,Student,Exams;Assignments,,,,,Less than 20 hours/week,No,,,,With roommates/peers,,,Yes,,Morning,1–2 hours,Studies;Social Media,Argue;Distract;Eat/Not Eat,Family,Neither comfortable nor uncomfortable,Listen silently,Family,Occasionally,Peer groups,No,,
123,10/1/2025 20:02,10/1/2025 20:07,anonymous,,English (United States)?,Texas,Woman,,Yes,,18-24,,Often,,,,,Student,Exams;Assignments,,,,,Less than 20 hours/week,Sometimes,,,,With roommates/peers,,,Yes,,Late night,1–2 hours,Studies;Social Media;Hormones,Cry;Frustration,Friends,Somewhat comfortable,Offer support,Family,Occasionally,Flexible schedule,No,,I sometimes feel anxious about the success of my peers. International students sometimes feel lonely and lack a sense of belonging.
124,10/1/2025 20:44,10/1/2025 20:46,anonymous,,English (United States)?,United States,Man,No,,,18-24,,Sometimes,,,,,Student,Peer pressure,,,,,20–40 hours/week,,No,,,With roommates/peers,,,No,,Late night,Several hours,Work;Studies;Social Media,Frustration,Friends,Somewhat uncomfortable,Listen silently,Friends,Occasionally,Workshops,No,,
125,10/1/2025 21:53,10/1/2025 21:56,anonymous,,English (United States)?,India ,Woman,,Yes,,25-34,,,Career growth;Relationships;Finances,,,,Employee (Corporate/Private),,Colleague relations;Manager expectations,,,,More than 60 hours/week,,,,Mood swings,Alone,Neutral,,,,Evening;Late night,Several hours,Work;Family;Health;Social Media,Distract;Cry,Friends,Somewhat comfortable,Listen silently,Friends,Occasionally,Apps,No,,Family commitments 
126,10/1/2025 23:27,10/1/2025 23:29,anonymous,,English (United States)?,Telagana ,Woman,,Yes,,25-34,,,Career growth;Relationships;Finances,,,,Employee (Corporate/Private),,Manager expectations,,,,20–40 hours/week,,Yes,,,With family,,Conflicts,,,Late night;Evening,Minutes,Work;Family;Hormones,Argue;Cry;Frustration,Friends,Very comfortable,Offer support;Listen silently,Friends,Often,Apps,Yes,Medication,
127,10/2/2025 0:32,10/2/2025 0:36,anonymous,,English (United States)?,"Tamilnadu, India ",Woman,,Yes,,18-24,,Sometimes,,,,,Employee (Corporate/Private),,Manager expectations;Workload,,,,41–60 hours/week,,,Stress;Irritability,,With family,,Responsibilities;Conflicts,,,Afternoon;Evening,1–2 hours,Work;Hormones,Cry;Frustration,Family,Somewhat comfortable,Listen silently;Offer support,Friends,Occasionally,Peer groups,No,,
128,10/2/2025 2:06,10/2/2025 2:07,anonymous,,English (United States)?,Roshini,Woman,,Yes,,25-34,,,Work deadlines;Career growth;Relationships;Finances,,,,Employee (Corporate/Private),,Manager expectations,,,,Less than 20 hours/week,No,,,,With family,,Conflicts,,,Late night,1–2 hours,Work,Over think,Friends,Somewhat comfortable,Listen silently,Friends,Often,Peer groups,Yes,Friends,
129,10/2/2025 2:23,10/2/2025 2:27,anonymous,,English (United States)?,Texas,Man,Yes,,,25-34,,,Career growth;Work deadlines,,,,Student,Assignments;Exams,,,,,Less than 20 hours/week,Yes,,,,With family,,Responsibilities;Support;Expectations,,,Morning,Several hours,Work;Family;Health;Social Media,Withdraw;Distract;Frustration,Family;Friends;Colleagues,Somewhat comfortable,Listen silently;Change subject,Family,Occasionally,Counseling,Maybe,,Make life better past can't be created make present happy
130,10/2/2025 7:15,10/2/2025 7:19,anonymous,,English (United States)?,"Georgia, USA",Man,Yes,,,35-44,,,,Yes,,,Employee (Corporate/Private),,Deadlines;Manager expectations;Workload,,,,20–40 hours/week,,No,,,With family,,Responsibilities;Conflicts;Support;Expectations,,,Evening,1–2 hours,Family;Work,Cry;Frustration,Family,Very comfortable,Avoid,No one,Rarely,Counseling,Yes,Friends,
131,10/2/2025 10:13,10/2/2025 10:15,anonymous,,English (United States)?,"Tamilnadu, India",Man,Sometimes,,,25-34,,,Work deadlines;Career growth,,,,Employee (Corporate/Private),,Colleague relations;Manager expectations;Deadlines,,,,20–40 hours/week,,Yes,,,With family,,Responsibilities;Conflicts,,,Evening,1–2 hours,Social Media;Work,Withdraw,Family,Very comfortable,Listen silently,No one,Occasionally,Workshops,Yes,Spiritual guidance,No
132,10/2/2025 10:53,10/2/2025 10:56,anonymous,,English (United States)?,Iowa ,Woman,,Yes,,35-44,,,,Sometimes,,,Professor/Teacher,,,Yes,,,20–40 hours/week,,Yes,,,With family,,Expectations,,,Morning;Evening,Several hours,Hormones;Health;Work,Distract;Eat/Not Eat,No one,Somewhat uncomfortable,Listen silently,No one,Occasionally,Workshops,No,,Hormonal changes 
133,10/2/2025 21:19,10/2/2025 21:24,anonymous,,English (United States)?,Tamil Nadu India,Woman,,Yes,,55 and above,,,,,,No change,Unemployed,,,,,Social isolation,Less than 20 hours/week,Yes,,,,With family,,Conflicts,,,Late night,Minutes,Social Media,Withdraw,No one,Neither comfortable nor uncomfortable,Avoid,Family,Not at all,Flexible schedule,No,,I don’t have any other emotional stress 
134,10/3/2025 0:39,10/3/2025 0:47,anonymous,,English (United States)?,????????? ??????? ,Man,Yes,,,55 and above,,,,,,No change,Entrepreneur/Freelancer,,,,Client expectations,,More than 60 hours/week,,,,Sleep problems,With family,,Responsibilities,,,Late night,1–2 hours,Work,Distract,Family,Somewhat comfortable,Offer support,Family,Not at all,Peer groups,No,,??????? ????? 
135,10/3/2025 1:26,10/3/2025 1:35,anonymous,,English (United States)?,"Tamil  Nadu,  India",Woman,,Yes,,55 and above,,,,,,Harder,Unemployed,,,,,Finances,41–60 hours/week,,,Stress,,With family,,Responsibilities,,,Late night,1–2 hours,Health,Distract,Family,Very comfortable,Listen silently,Family,Often,Flexible schedule,Yes,Family,Emotions  due  to  health 
136,10/3/2025 1:36,10/3/2025 1:45,anonymous,,English (United States)?,"Dindigul, Tamil Nadu, India ",Man,Yes,,,55 and above,,,,,,Harder,Retired ,,,,,,41–60 hours/week,,,Stress,,With family,,Responsibilities,,,Late night,1–2 hours,Health,Withdraw,Family,Very comfortable,Listen silently,Family,Often,Flexible schedule,Yes,Spiritual guidance,At times of emotions I spent time with my Lord Jesus 
137,10/3/2025 3:04,10/3/2025 3:07,anonymous,,English (United States)?,"Tamil Nadu, India",Man,Yes,,,45-54,,,,,Work stress,,Employee (Corporate/Private),,Deadlines,,,,Less than 20 hours/week,No,,,,With family,,Nil,,,Evening,Minutes,Work,Exercise,Family,Very comfortable,Listen silently,Family,Occasionally,Counseling,No,,
138,10/3/2025 4:07,10/3/2025 4:11,anonymous,,English (United States)?,Tamilnadu,Man,Yes,,,55 and above,,,,,,No change,Retired officer,,,,,,Less than 20 hours/week,Sometimes,,,,With family,,Responsibilities,,,Afternoon,Minutes,Social Media,Withdraw,No one,Very comfortable,Listen silently,Family,Not at all,Peer groups,No,,
139,10/3/2025 4:07,10/3/2025 4:17,anonymous,,English (United States)?,India.Tamil Nadu.,Man,Yes,,,55 and above,,,,,,Harder,Lawyer,,,,,,20–40 hours/week,,Sometimes,,,With family,,Responsibilities,,,Late night,Several hours,Family,Frustration,No one,Very comfortable,Listen silently,Friends,Rarely,Flexible schedule,Maybe,,Family membersr behaviour
140,10/3/2025 5:14,10/3/2025 5:17,anonymous,,English (United States)?,"Tamilnadu,India",Man,Yes,,,55 and above,,,,,,Harder,Retired,,,,,,Less than 20 hours/week,Yes,,,,With family,,Expectations,,,Evening;Late night,1–2 hours,Social Media;Hormones,Distract,Family,Somewhat comfortable,Offer support,Family,Rarely,Counseling,Yes,Family,
141,10/3/2025 5:47,10/3/2025 5:58,anonymous,,English (United States)?,Tamil Nadu India ,Woman,,Yes,,55 and above,,,,,,Easier,Professor/Teacher,,,Yes,,,20–40 hours/week,,Yes,,,With family,,Responsibilities,,,Late night;Morning,1–2 hours,Work,Withdraw,Professionals,Neither comfortable nor uncomfortable,Listen silently,Family,Rarely,Flexible schedule,Yes,Spiritual guidance,Social service
142,10/3/2025 6:08,10/3/2025 6:10,anonymous,,English (United States)?,India,Woman,,Yes,,55 and above,,,,,,Easier,Unemployed,,,,,Social isolation,More than 60 hours/week,,,,Mood swings,With family,,Responsibilities,,,Late night,Several hours,Hormones,Withdraw,Family,Very comfortable,Offer support,Family,Often,Counseling,Maybe,,
143,10/3/2025 6:53,10/3/2025 6:58,anonymous,,English (United States)?,"Tamil Nadu, India ",Man,Yes,,,35-44,,,,Yes,,,Employee (Corporate/Private),,Colleague relations,,,,20–40 hours/week,,Yes,,,With family,,Responsibilities;Support;Expectations,,,Evening,Several hours,Family;Health;Social Media;Work,Frustration,Family;Friends,Somewhat comfortable,Listen silently,Family,Occasionally,Flexible schedule,Maybe,,
144,10/3/2025 7:21,10/3/2025 7:25,anonymous,,English (United States)?,"Massachusetts, USA",Man,Sometimes,,,25-34,,,Work deadlines;Career growth;Relationships;Finances,,,,Student,Exams;Assignments,,,,,20–40 hours/week,,Yes,,,With roommates/peers,,,Yes,,Morning;Late night,1–2 hours,Work;Studies;Family,Distract;Argue;Withdraw,Friends,Somewhat comfortable,Listen silently;Offer support,Family,Often,Peer groups,No,,
145,10/3/2025 8:10,10/3/2025 8:20,anonymous,,English (United States)?,Tamilnadu India ,Man,Sometimes,,,45-54,,,,,Work stress,,Entrepreneur/Freelancer,,,,Financial uncertainty,,20–40 hours/week,,Yes,,,With family,,Support,,,Morning,1–2 hours,Work,Argue,Friends,Neither comfortable nor uncomfortable,Listen silently,Colleagues,Often,Peer groups,No,,
146,10/3/2025 9:41,10/3/2025 9:47,anonymous,,English (United States)?,"Bangalore, Karnataka",Woman,,Yes,,25-34,,,Relationships;Work deadlines,,,,Employee (Corporate/Private),,Workload,,,,Less than 20 hours/week,Sometimes,,,,With family,,Expectations,,,Evening,1–2 hours,Family;Social Media,Cry;Argue,Friends,Somewhat comfortable,Offer support,Friends,Occasionally,Flexible schedule,Yes,Friends,Friends
147,10/3/2025 10:16,10/3/2025 10:21,anonymous,,English (United States)?,Karamadai ,Man,Yes,,,35-44,,,,Yes,,,Employee (Corporate/Private),,Manager expectations,,,,41–60 hours/week,,,Stress,,With family,,Responsibilities,,,Late night,1–2 hours,Health,Withdraw,Friends,Very uncomfortable,Listen silently,Friends,Rarely,Apps,Maybe,,
148,10/3/2025 10:19,10/3/2025 10:22,anonymous,,English (United States)?,"Gurgaon,India",Man,No,,,25-34,,,Career growth;Finances,,,,Employee (Corporate/Private),,Workload,,,,41–60 hours/week,,,Burnout,,With family,,Support,,,Evening,Several hours,Work,Exercise,Professionals,Neither comfortable nor uncomfortable,Listen silently,Family,Not at all,Flexible schedule,No,,
149,10/3/2025 10:26,10/3/2025 10:31,anonymous,,English (United States)?,"TN,India",Woman,,Yes,,45-54,,,,,Family stress,,Employee (Corporate/Private),,Colleague relations,,,,41–60 hours/week,,,Irritability;Stress;Fatigue,,With family,,Responsibilities;Conflicts;Expectations;Support,,,Late night,Several hours,Work;Family;Health,Argue;Cry;Frustration,Family,Somewhat comfortable,Offer support,Family,Rarely,Counseling,No,,
150,10/3/2025 10:52,10/3/2025 10:55,anonymous,,English (United States)?,"Tamilnadu, India",Man,Sometimes,,,35-44,,,,No,,,Employee (Corporate/Private),,Manager expectations;Workload,,,,Less than 20 hours/week,No,,,,With family,,Support;Responsibilities,,,Late night,1–2 hours,Family;Work,Frustration;Distract,Family;Professionals,Very comfortable,Change subject;Avoid;Listen silently,Family,Occasionally,Flexible schedule,No,,
151,10/3/2025 11:00,10/3/2025 11:05,anonymous,,English (United States)?,"UP ,India",Woman,,Yes,,25-34,,,Career growth;Finances;Work deadlines;Relationships,,,,Employee (Corporate/Private),,Workload,,,,More than 60 hours/week,,,,Mood swings,With family,,Responsibilities;Conflicts;Support;Expectations,,,Evening;Late night;Afternoon;Morning,A full day or more,Family;Studies;Health;Hormones;Work;Social Media,Argue;Withdraw;Distract;Cry;Eat/Not Eat;Exercise;Frustration,No one,Somewhat uncomfortable,Offer support;Listen silently,Friends,Not at all,Counseling,No,,
152,10/3/2025 11:10,10/3/2025 11:13,anonymous,,English (United States)?,India,Man,Yes,,,25-34,,,Finances,,,,Employee (Corporate/Private),,Deadlines,,,,41–60 hours/week,,,Fatigue,,With family,,Responsibilities,,,Late night,Several hours,Work;Hormones,Overthink,No one,Very comfortable,Listen silently,Friends,Occasionally,Counseling,Yes,Friends,
153,10/3/2025 11:17,10/3/2025 11:23,anonymous,,English (United States)?,Coimbatore,Man,Sometimes,,,55 and above,,,,,,Harder,Employee (Corporate/Private),,Workload,,,,41–60 hours/week,,,Stress,,With family,,Responsibilities,,,Afternoon,1–2 hours,Family,Argue,Friends,Somewhat comfortable,Listen silently,Friends,Occasionally,Apps,Yes,Family,No
154,10/3/2025 11:27,10/3/2025 11:37,anonymous,,English (United States)?,Coimbatore,Woman,,Yes,,35-44,,,,Yes,,,Employee (Corporate/Private),,Workload,,,,20–40 hours/week,,Yes,,,With family,,Expectations,,,Late night,1–2 hours,Family;Work,Argue,Family,Somewhat uncomfortable,Listen silently,No one,Rarely,Counseling,Yes,Counseling,
155,10/3/2025 11:50,10/3/2025 11:59,anonymous,,English (United States)?,Haryana,Man,Sometimes,,,25-34,,,Relationships;Finances,,,,Employee (Corporate/Private),,Manager expectations;Workload,,,,Less than 20 hours/week,No,,,,With family,,Conflicts;Expectations,,,Morning;Late night,1–2 hours,Work;Studies;Health,Frustration;Withdraw;Argue,Family,Neither comfortable nor uncomfortable,Listen silently;Offer support,Friends,Rarely,Counseling,Yes,Family,
156,10/3/2025 11:59,10/3/2025 12:03,anonymous,,English (United States)?,"Delhi, India",Man,Yes,,,25-34,,,Work deadlines;Relationships;Finances,,,,Employee (Corporate/Private),,Manager expectations;Workload,,,,41–60 hours/week,,,Stress;Burnout,,With family,,Conflicts;Responsibilities,,,Late night;Afternoon;Evening;Morning,1–2 hours,Family;Social Media;Work,Distract;Frustration,No one,Neither comfortable nor uncomfortable,Listen silently;Offer support,Family,Rarely,Counseling,No,,
157,10/3/2025 12:14,10/3/2025 12:20,anonymous,,English (United States)?,"Tamilnadu, India ",Man,Sometimes,,,25-34,,,Finances,,,,Employee (Corporate/Private),,Colleague relations,,,,20–40 hours/week,,Sometimes,,,Alone,Neutral,,,,Late night,1–2 hours,Hormones,Distract,No one,Neither comfortable nor uncomfortable,Offer support,No one,Rarely,Flexible schedule,Maybe,,
158,10/3/2025 16:31,10/3/2025 16:49,anonymous,,English (United States)?,"Bihar, India ",Man,Sometimes,,,25-34,,,Finances;Relationships;Career growth,,,,Employee (Corporate/Private),,Manager expectations;Colleague relations,,,,41–60 hours/week,,,Irritability;Stress,,With family,,Responsibilities;Expectations;Support;Conflicts,,,Late night,Several hours,Work;Studies;Social Media;Family,Frustration;Eat/Not Eat;Exercise;Argue,Friends;Colleagues,Somewhat comfortable,Offer support;Listen silently,Family,Occasionally,Peer groups,Maybe,,Family expiration and carrier growth 
159,10/3/2025 16:56,10/3/2025 16:58,anonymous,,English (United States)?,"Veracruz, Mexico",Man,No,,,25-34,,,Relationships;Finances,,,,Employee (Corporate/Private),,Deadlines;Workload,,,,41–60 hours/week,,,Fatigue;Irritability;Stress,,With roommates/peers,,,Sometimes,,Morning,1–2 hours,Work,Withdraw;Frustration,Friends,Somewhat comfortable,Offer support;Listen silently,Friends,Often,Counseling,Yes,Counseling,N/A
160,10/3/2025 22:37,10/3/2025 22:43,anonymous,,English (United States)?,"Tamilnadu,india",Woman,,Yes,,35-44,,,,Yes,,,Employee (Corporate/Private),,Workload,,,,More than 60 hours/week,,,,Loss of motivation,With family,,Support,,,Evening,1–2 hours,Work,Argue,No one,Very comfortable,Offer support,Family,Often,Flexible schedule,No,,
161,10/4/2025 1:44,10/4/2025 1:47,anonymous,,English (United States)?,India,Man,No,,,35-44,,,,Yes,,,Employee (Corporate/Private),,Deadlines;Manager expectations;Workload;Colleague relations,,,,41–60 hours/week,,,Stress;Irritability,,With family,,Expectations,,,Late night;Evening,Several hours,Work,Eat/Not Eat,Family,Very comfortable,Offer support;Listen silently,Family,Often,Counseling,No,,
162,10/4/2025 2:10,10/4/2025 2:15,anonymous,,English (United States)?,"Madhya Pradesh, India",Man,Sometimes,,,25-34,,,Work deadlines;Career growth;Finances,,,,Employee (Corporate/Private),,Manager expectations;Workload,,,,41–60 hours/week,,,Fatigue;Stress;Burnout,,With family,,Responsibilities;Conflicts;Expectations,,,Morning;Evening;Late night,Several hours,Work;Health,Withdraw;Argue;Eat/Not Eat;Frustration,Family,Neither comfortable nor uncomfortable,Offer support,Friends,Occasionally,Not sure,Yes,Family,
163,10/4/2025 6:43,10/4/2025 6:46,anonymous,,English (United States)?,Us,Man,Sometimes,,,25-34,,,Finances;Career growth,,,,Entrepreneur/Freelancer,,,,Isolation,,Less than 20 hours/week,Yes,,,,Alone,Positive,,,,Morning,Minutes,Work,Withdraw,Family,Very comfortable,Offer support,Friends,Often,Counseling,Yes,Counseling,
164,10/4/2025 7:14,10/4/2025 7:19,anonymous,,English (United States)?,Thadagam ,Man,Yes,,,55 and above,,,,,,Easier,Employee (Corporate/Private),,Manager expectations,,,,Less than 20 hours/week,Sometimes,,,,With family,,Conflicts,,,Late night,Minutes,Social Media,Exercise,Friends,Somewhat comfortable,Offer support,Family,Occasionally,Counseling,Maybe,,
165,10/4/2025 10:30,10/4/2025 10:35,anonymous,,English (United States)?,"Tamil Nadu, India ",Woman,,Not Sure,,25-34,,,Relationships;Finances;Work deadlines,,,,Student,Time management;Exams,,,,,Less than 20 hours/week,Sometimes,,,,With family,,Conflicts;Expectations,,,Late night;Morning,Several hours,Family;Social Media,Cry;Argue;Withdraw;Exercise,Friends;Family,Somewhat comfortable,Offer support;Listen silently,Friends,Occasionally,Peer groups,Yes,Friends,
166,10/4/2025 11:24,10/4/2025 11:28,anonymous,,English (United States)?,"Texas, United States ",Man,Yes,,,25-34,,,Career growth;Relationships;Work deadlines,,,,Student,Assignments;Peer pressure;Time management;Exams,,,,,Less than 20 hours/week,Sometimes,,,,With roommates/peers,,,Sometimes,,Late night;Evening,Several hours,Studies;Work;Social Media,Cry;Frustration;Argue,Family;Friends,Somewhat comfortable,Listen silently,Family,Occasionally,Workshops,No,,
167,10/4/2025 13:09,10/4/2025 13:15,anonymous,,English (United States)?,"Tamil Nadu, Coimbatore ",Man,Sometimes,,,25-34,,,Career growth,,,,Employee (Corporate/Private),,Colleague relations,,,,Less than 20 hours/week,Sometimes,,,,With family,,Responsibilities,,,Morning,Minutes,Work;Family;Social Media,Withdraw;Argue,No one,Somewhat comfortable,Avoid;Listen silently,No one,Rarely,Flexible schedule,Maybe,,Sometimes when I am alone 
168,10/4/2025 21:24,10/4/2025 21:26,anonymous,,English (United States)?,"UP, India",Man,No,,,18-24,,Often,,,,,Employee (Corporate/Private),,Deadlines;Manager expectations;Colleague relations;Workload,,,,41–60 hours/week,,,Stress;Fatigue,,With family,,Conflicts,,,Afternoon;Evening,Several hours,Family;Health;Social Media;Hormones,Distract,Friends,Somewhat comfortable,Listen silently;Offer support,Friends,Occasionally,Counseling,Yes,Counseling,
169,10/5/2025 0:16,10/5/2025 0:18,anonymous,,English (United States)?,Coimbatore ,Man,Yes,,,55 and above,,,,,,Easier,Retired,,,,,,20–40 hours/week,,No,,,With family,,Responsibilities;Conflicts;Support,,,Late night;Evening,Several hours,Work;Family,Argue;Distract,Friends;Family,Somewhat comfortable,Listen silently;Offer support,Friends,Often,Counseling,No,,
170,10/5/2025 0:15,10/5/2025 0:21,anonymous,,English (United States)?,Tamilnadu India ,Man,Sometimes,,,55 and above,,,,,,Easier,Consulting engineer for water management for plants,,,,,,Less than 20 hours/week,Yes,,,,With family,,Conflicts,,,Evening,Minutes,Social Media,Withdraw,No one,Very comfortable,Listen silently,Family,Not at all,Flexible schedule,No,,None
171,10/6/2025 1:47,10/6/2025 1:50,anonymous,,English (United States)?,Usa,Man,Yes,,,18-24,,Rarely,,,,,Student,Peer pressure,,,,,20–40 hours/week,,Sometimes,,,Alone,Negative,,,,Late night,Several hours,Hormones;Family;Love life,Exercise;Distract,Friends,Neither comfortable nor uncomfortable,Listen silently;Offer support,Friends,Occasionally,Peer groups,Maybe,,
172,10/6/2025 1:49,10/6/2025 2:07,anonymous,,English (United States)?,Maharashtra ,Man,No,,,25-34,,,Finances;Work deadlines;Career growth;Relationships,,,,Employee (Corporate/Private),,Workload,,,,Less than 20 hours/week,Yes,,,,With roommates/peers,,,Yes,,Morning;Evening,Several hours,Family;Health;Social Media;Work,Exercise,Friends;Family,Very comfortable,Change subject,Friends,Occasionally,Flexible schedule,Yes,Friends,Other than all are good 
173,10/6/2025 2:19,10/6/2025 2:24,anonymous,,English (United States)?,"Tamil Nadu, India",Man,Sometimes,,,25-34,,,Relationships;Work deadlines,,,,Employee (Corporate/Private),,Deadlines,,,,41–60 hours/week,,,Fatigue;Burnout,,With family,,Expectations;Conflicts;Support,,,Afternoon,Several hours,Work;Studies;Social Media,Distract;Exercise,Friends;Family,Somewhat comfortable,Listen silently,Spouse,Occasionally,Counseling,Yes,Friends,
174,10/6/2025 3:22,10/6/2025 3:24,anonymous,,English (United States)?,"Karnataka, India",Woman,,Yes,,25-34,,,Relationships;Career growth,,,,Professor/Teacher,,,Yes,,,Less than 20 hours/week,Yes,,,,With roommates/peers,,,Yes,,Evening,1–2 hours,Family,Distract,Family,Very comfortable,Offer support,Family,Occasionally,Counseling,No,,
175,10/6/2025 4:49,10/6/2025 4:54,anonymous,,English (United States)?,"Rajasthan, India",Woman,,Not Sure,,35-44,,,,Yes,,,Employee (Corporate/Private),,Colleague relations,,,,20–40 hours/week,,No,,,With family,,Expectations,,,Afternoon,1–2 hours,Health;Family;Work,Eat/Not Eat;Distract,No one,Somewhat uncomfortable,Offer support,No one,Rarely,Flexible schedule,No,,
176,10/6/2025 12:54,10/6/2025 13:04,anonymous,,English (United States)?,"India, Tamilnadu",Man,Yes,,,25-34,,,Relationships;Society demands,,,,Employee (Corporate/Private),,Deadlines,,,,20–40 hours/week,,Yes,,,With roommates/peers,,,Sometimes,,Afternoon,1–2 hours,Work;Family,Withdraw;Cry,No one,Somewhat comfortable,Listen silently,Friends,Rarely,Flexible schedule,No,,Sometime I am too hard on myself
177,10/7/2025 0:45,10/7/2025 0:47,anonymous,,English (United States)?,"Delhi, India",Man,No,,,25-34,,,Finances,,,,Employee (Corporate/Private),,None,,,,41–60 hours/week,,,Stress,,Alone,Positive,,,,Evening,Several hours,Finance ,Frustration,No one,Very uncomfortable,Listen silently;Offer support,No one,Rarely,Counseling,Yes,Counseling,
178,10/7/2025 2:00,10/7/2025 2:04,anonymous,,English (United States)?,india,Man,No,,,25-34,,,Finances;Family issues,,,,Employee (Corporate/Private),,Deadlines,,,,Less than 20 hours/week,Sometimes,,,,With family,,Conflicts,,,Evening,1–2 hours,Family,Frustration,Friends,Somewhat uncomfortable,Offer support,Friends,Rarely,family,Maybe,,
179,10/7/2025 2:27,10/7/2025 2:30,anonymous,,English (United States)?,"Delhi, India",Man,No,,,25-34,,,Finances;Career growth,,,,Employee (Corporate/Private),,Uncertainity ,,,,41–60 hours/week,,,Irritability;Fatigue,,With family,,None,,,Evening;Afternoon;Late night,Several hours,Work;Health;Social Media,Withdraw;Frustration,No one,Neither comfortable nor uncomfortable,Other;Listen silently,No one,Not at all,None,No,,
180,10/7/2025 0:16,10/7/2025 3:24,anonymous,,English (United States)?,"West Bengal, India",Man,Yes,,,35-44,,,,Yes,,,Employee (Corporate/Private),,"Due to my worktype, need to keep skills updated",,,,41–60 hours/week,,,Stress,,With family,,Responsibilities,,,Morning,1–2 hours,Work;Family;Studies;Health,Argue;Frustration;Eat/Not Eat,Family;Friends,Somewhat comfortable,Offer support;Change subject,Family,Occasionally,Counseling,No,,
181,10/7/2025 4:04,10/7/2025 4:08,anonymous,,English (United States)?,UP india,Man,Yes,,,25-34,,,Finances,,,,Employee (Corporate/Private),,Workload,,,,41–60 hours/week,,,Stress;Burnout,,With family,,Support,,,Evening,A full day or more,Social Media;Work,Withdraw;Argue;Distract,Friends,Somewhat comfortable,Offer support;Listen silently;Change subject,Friends,Occasionally,Apps,No,,
182,10/7/2025 7:18,10/7/2025 7:30,anonymous,,English (United States)?,"Uttar Pradesh, India",Woman,,Yes,,35-44,,,,Yes,,,Employee (Corporate/Private),,Deadlines;Manager expectations,,,,41–60 hours/week,,,Fatigue;Stress,,With family,,Responsibilities;Expectations,,,Morning,1–2 hours,Family;Health;Work,Withdraw;Frustration,No one,Somewhat uncomfortable,Listen silently,Family,Rarely,Workshops,No,,
183,10/7/2025 7:26,10/7/2025 7:52,anonymous,,English (United States)?,"Tamil Nadu,India",Woman,,Yes,,35-44,,,,Yes,,,Homemaker ,,,,,,20–40 hours/week,,Yes,,,With family,,Responsibilities,,,Morning,A full day or more,Family,Distract,Family,Very comfortable,Offer support,No one,Occasionally,Counseling,Maybe,,
184,10/11/2025 9:36,10/11/2025 9:40,anonymous,,English (United States)?,"Texas, USA ",Woman,,Yes,,18-24,,Often,,,,,Student,Time management,,,,,Less than 20 hours/week,Yes,,,,With roommates/peers,,,Yes,,Evening;Late night,1–2 hours,Work;Family,Eat/Not Eat;Argue;Cry,Friends;Family,Somewhat comfortable,Avoid;Change subject,No one,Rarely,Peer groups,No,,
185,10/14/2025 2:35,10/14/2025 2:40,anonymous,,English (United States)?,Haryana ,Man,Yes,,,18-24,,Often,,,,,Employee (Corporate/Private),,Colleague relations;Workload,,,,20–40 hours/week,,Yes,,,With family,,Expectations,,,Morning;Late night,1–2 hours,Family;Social Media,Frustration;Argue,Friends,Neither comfortable nor uncomfortable,Listen silently;Offer support,Friends,Rarely,Flexible schedule,No,,Nothing at the moment 
186,10/14/2025 9:54,10/14/2025 9:57,anonymous,,English (United States)?,India,Woman,,Yes,,25-34,,,Career growth;Relationships;Finances;Work deadlines,,,,Employee (Corporate/Private),,Manager expectations;Colleague relations,,,,20–40 hours/week,,Yes,,,With family,,Conflicts;Expectations,,,Evening,1–2 hours,Work;Hormones,Cry;Distract;Frustration,Family,Neither comfortable nor uncomfortable,Listen silently,Family,Often,Peer groups,Yes,Family,Not stressed
187,10/14/2025 9:52,10/14/2025 9:58,anonymous,,English (United States)?,"Mumbai, India",Man,No,,,25-34,,,Relationships;Finances;Career growth,,,,Employee (Corporate/Private),,Less Workload makes me feel less wanted as if Company is not considering me fit enough for more responsibilities;Workload,,,,20–40 hours/week,,Yes,,,"Mixed, sometimes with family sometimes alone",,,,Financial stress;Social interactions,Late night,Minutes,Past;Family,Withdraw;Frustration;Eat/Not Eat,No one,Somewhat comfortable,Offer support,"I can't truly discuss what I feel, it's just on some rare occasions I open up and I am not shy to open up I can discuss but I don't really expect support in response. ",Occasionally,Not sure,No,,None
188,10/14/2025 9:59,10/14/2025 10:04,anonymous,,English (United States)?,"West Bengal, India",Man,Sometimes,,,35-44,,,,Sometimes,,,Employee (Corporate/Private),,"Working on new challenges, not known",,,,41–60 hours/week,,,Stress,,With family,,Responsibilities,,,Morning;Evening,Several hours,Studies;Work;Family;Health,Argue;Withdraw;Exercise,Family;Friends,Somewhat comfortable,Offer support;Listen silently,Friends,Occasionally,Workshops,No,,
189,10/14/2025 14:01,10/14/2025 14:05,anonymous,,English (United States)?,India,Woman,,Yes,,18-24,,Often,,,,,Employee (Corporate/Private),,"misunderstanding with family, friends.",,,,20–40 hours/week,,Sometimes,,,With family,,Conflicts;Expectations,,,Morning;Late night,Several hours,Work;Family;Health;Hormones,Argue;Distract;Cry;Eat/Not Eat;Frustration;Withdraw,Friends,Somewhat uncomfortable,Offer support;Listen silently,Friends,Occasionally,not sure,No,,
190,10/14/2025 14:19,10/14/2025 14:26,anonymous,,English (United States)?,India,Man,Sometimes,,,25-34,,,Work deadlines,,,,Employee (Corporate/Private),,Deadlines;Workload,,,,41–60 hours/week,,,Stress,,With family,,Expectations,,,Morning,Minutes,Sleep not completed,Frustration,No one,Neither comfortable nor uncomfortable,Offer support;Listen silently,No one,Occasionally,Peer groups,No,,I don't have any other
191,10/14/2025 22:08,10/14/2025 22:10,anonymous,,English (United States)?,Madhya Pradesh India ,Man,No,,,25-34,,,Finances;Relationships,,,,Employee (Corporate/Private),,Colleague relations;Manager expectations,,,,41–60 hours/week,,,Stress;Burnout,,With family,,Conflicts,,,Late night,Several hours,Work;Family,Frustration,Friends,Somewhat uncomfortable,Listen silently;Change subject,Friends,Occasionally,Flexible schedule,No,,
192,10/15/2025 1:24,10/15/2025 1:28,anonymous,,English (United States)?,"Delhi, India",Man,Sometimes,,,35-44,,,,Yes,,,Employee (Corporate/Private),,Workload,,,,41–60 hours/week,,,Fatigue;Irritability,,With family,,Conflicts,,,Evening,A full day or more,Family,Eat/Not Eat,Family,Very uncomfortable,Listen silently,Family,Occasionally,Counseling,No,,
193,10/15/2025 3:13,10/15/2025 3:38,anonymous,,English (United States)?,"Himachal Pradesh, India",Man,Yes,,,25-34,,,Career growth;Finances,,,,Employee (Corporate/Private),,Compensation ,,,,41–60 hours/week,,,Burnout,,With family,,Responsibilities;Expectations,,,Evening,Minutes,Social Media;Health,Distract;Eat/Not Eat,No one,Neither comfortable nor uncomfortable,Listen silently,Friends,Occasionally,Flexible schedule,No,,None
194,10/15/2025 9:42,10/15/2025 9:49,anonymous,,English (United States)?,"UP, IN",Man,No,,,18-24,,Sometimes,,,,,Employee (Corporate/Private),,Deadlines,,,,Less than 20 hours/week,Yes,,,,With roommates/peers,,,Sometimes,,Late night,Minutes,Health,Silent,No one,Very uncomfortable,Listen silently;Offer support,No one,Occasionally,Peer groups,No,,
195,10/16/2025 1:53,10/16/2025 1:56,anonymous,,English (United States)?,"Maharshtra , India",Man,No,,,25-34,,,Relationships;Finances,,,,Employee (Corporate/Private),,Workload,,,,20–40 hours/week,,Sometimes,,,With family,,Support;Responsibilities,,,Afternoon;Evening,Several hours,Studies;Family;Work;Hormones,Eat/Not Eat;Distract,Friends;Family,Somewhat comfortable,Offer support,Friends,Rarely,Flexible schedule,No,,
196,10/16/2025 8:00,10/16/2025 8:07,anonymous,,English (United States)?,"Rajasthan, India",Man,Sometimes,,,25-34,,,Family Issues,,,,Employee (Corporate/Private),,Manager expectations,,,,41–60 hours/week,,,Stress,,With family,,Conflicts,,,Evening,Minutes,Family,Distract,No one,Somewhat uncomfortable,Listen silently;Offer support,don't share,Not at all,Observe and react. Solo Travel also useful,No,,
197,10/16/2025 9:28,10/16/2025 9:32,anonymous,,English (United States)?,"Rajasthan, India",Woman,,Yes,,25-34,,,Relationships;Career growth,,,,Employee (Corporate/Private),,Colleague relations;Deadlines,,,,Less than 20 hours/week,Sometimes,,,,With family,,Conflicts,,,Late night,Several hours,Family;Hormones,Withdraw;Argue;Distract;Cry,Family,Neither comfortable nor uncomfortable,Offer support;Listen silently,Friends,Often,Peer groups,No,,Spouse relationship
198,10/16/2025 13:22,10/16/2025 13:24,anonymous,,English (United States)?,"Haryana, India ",Man,Sometimes,,,18-24,,Rarely,,,,,Student,Peer pressure,,,,,Less than 20 hours/week,No,,,,With roommates/peers,,,Yes,,Late night;Evening;Morning;Afternoon,1–2 hours,Social Media;Studies,Withdraw;Cry;Eat/Not Eat,No one,Somewhat uncomfortable,Listen silently;Offer support,Friends,Rarely,Peer groups,Maybe,,LIFE 
199,10/16/2025 13:22,10/16/2025 13:25,anonymous,,English (United States)?,haryana India,Man,No,,,18-24,,Sometimes,,,,,Student,Time management,,,,,Less than 20 hours/week,Yes,,,,With family,,Expectations,,,Late night,1–2 hours,Studies,Withdraw,No one,Neither comfortable nor uncomfortable,Offer support,Friends,Rarely,Flexible schedule,No,,
200,10/16/2025 13:22,10/16/2025 13:25,anonymous,,English (United States)?,"Haryana, india",Man,No,,,18-24,,Sometimes,,,,,Student,Time management,,,,,Less than 20 hours/week,Yes,,,,With family,,Responsibilities;Expectations,,,Afternoon;Late night,Several hours,Studies;Hormones,Cry;Frustration,No one,Neither comfortable nor uncomfortable,Offer support,No one,Not at all,Her,No,,"Career stress, overthinking "
201,10/16/2025 13:26,10/16/2025 13:28,anonymous,,English (United States)?,India Chennai,Man,No,,,18-24,,Often,,,,,Student,Time management,,,,,Less than 20 hours/week,Yes,,,,With roommates/peers,,,Yes,,Late night,1–2 hours,Family;Studies;Hormones,Withdraw,No one,Very uncomfortable,Offer support;Listen silently,Never tried sharing ,Rarely,Don't know about it ,Maybe,,All good now 
202,10/16/2025 13:39,10/16/2025 13:43,anonymous,,English (United States)?,"Tamilnadu, India",Man,Yes,,,18-24,,Often,,,,,Student,Time management;Exams,,,,,Less than 20 hours/week,No,,,,With roommates/peers,,,No,,Late night,Several hours,Work;Social Media;Family,Distract,Friends,Somewhat uncomfortable,Listen silently,Family,Rarely,Flexible schedule,Yes,Friends,
203,10/16/2025 21:38,10/16/2025 21:45,anonymous,,English (United States)?,Gurgaon ,Woman,,Yes,,18-24,,Sometimes,,,,,Student,Exams;Assignments;Peer pressure;Time management,,,,,20–40 hours/week,,No,,,With family,,Conflicts;Expectations,,,Evening;Late night,A full day or more,Myself and career,Withdraw;Cry;Eat/Not Eat;Frustration,No one,Very uncomfortable,Listen silently;Offer support,No one,Not at all,Counseling,No,,"Choosing a particular field for my future is so difficult, when you don't know what exactly do you want be. Then always being the reason for disappointment because ""I'm not studying for anything"" even though I don't know where exactly to take the next step."
204,10/17/2025 0:10,10/17/2025 0:15,anonymous,,English (United States)?,"Punjab,India ",Man,Sometimes,,,18-24,,Sometimes,,,,,Student,Peer pressure,,,,,Less than 20 hours/week,Yes,,,,With roommates/peers,,,Yes,,Late night,Several hours,Work;Studies;Health;Hormones,Frustration;Cry,Friends,Very comfortable,Listen silently;Offer support,Friends,Occasionally,Peer groups,Maybe,,None
205,10/17/2025 1:54,10/17/2025 1:57,anonymous,,English (United States)?,"West bengal, India",Woman,,Yes,,18-24,,Often,,,,,Student,Time management;Exams,,,,,20–40 hours/week,,No,,,Alone,Neutral,,,,Evening;Late night;Afternoon,A full day or more,"Family;Friend, Situation",Cry;Eat/Not Eat;Frustration,Friends,Somewhat comfortable,Listen silently,Best friend,Occasionally,Counseling,Maybe,,Anxiety and stress attack
206,10/17/2025 2:00,10/17/2025 2:06,anonymous,,English (United States)?,Haryana ,Man,Sometimes,,,18-24,,Often,,,,,Student,Time management,,,,,Less than 20 hours/week,Yes,,,,Alone,Neutral,,,,Late night,1–2 hours,Social Media;Hormones;Health;Studies,Distract;Argue,Friends,Somewhat comfortable,Listen silently,Family,Occasionally,Workshops,Maybe,,
207,10/17/2025 7:33,10/17/2025 7:38,anonymous,,English (United States)?,"Haryana, India",Woman,,Yes,,18-24,,Rarely,,,,,Student,Exams;Peer pressure,,,,,20–40 hours/week,,Yes,,,With family,,Conflicts,,,Afternoon,Minutes,Work,Cry;Withdraw,Friends;Family,Somewhat comfortable,Offer support;Listen silently,Family,Rarely,Workshops,Maybe,,
208,10/17/2025 8:04,10/17/2025 8:09,anonymous,,English (United States)?,"Haryana,India",Man,No,,,18-24,,Rarely,,,,,Student,Time management;Exams,,,,,20–40 hours/week,,No,,,With family,,Loneliness or expections of me from myself.,,,Afternoon,Minutes,Work;Studies,Argue;Distract;Withdraw,No one,Very uncomfortable,Offer support,No one,Often,To figure out the situation to tackle the emotions by writing down on a paper and burning it or discussing and applying first principle on it.,Maybe,,Sometimes loneliness 
209,10/17/2025 8:15,10/17/2025 8:20,anonymous,,English (United States)?,"Haryana, India",Man,Sometimes,,,18-24,,Often,,,,,Student,Exams;Peer pressure,,,,,Less than 20 hours/week,Sometimes,,,,With family,,Expectations;Conflicts,,,Late night;Morning,1–2 hours,Social Media,Distract,Friends,Neither comfortable nor uncomfortable,Offer support;Listen silently,Friends,Rarely,Counseling,No,,
210,10/17/2025 13:02,10/17/2025 13:05,anonymous,,English (United States)?,"MP, india",Man,No,,,25-34,,,Work deadlines;Career growth;Relationships;Finances,,,,Employee (Corporate/Private),,Timing,,,,20–40 hours/week,,No,,,With family,,Responsibilities;Conflicts;Support;Expectations,,,Morning;Afternoon;Evening;Late night,1–2 hours,Work;Studies;Health;Family;Social Media;Hormones,Frustration;Eat/Not Eat,Professionals;Colleagues;Friends;Family,Somewhat uncomfortable,Offer support,No one,Rarely,Workshops,No,,
211,10/30/2025 9:00,10/30/2025 9:04,anonymous,,English (United States)?,"Tamilnadu, India ",Woman,,Yes,,25-34,,,Relationships,,,,Employee (Corporate/Private),,Manager expectations;Colleague relations,,,,41–60 hours/week,,,Fatigue;Stress;Burnout,,With family,,Conflicts,,,Morning,1–2 hours,Work;Family,Frustration,Family;Colleagues,Somewhat comfortable,Offer support,Family,Occasionally,Peer groups,No,,"Office politics, extreme perfectionism killing the effort"
